feature,tfidf_mean,tfidf_std
ingeniería,0.06298519926871637,0.045660179928674154
informática,0.06021299608195205,0.03860290762304107
soluciones,0.05604932779016088,0.05024188070651147
tecnologías,0.04906616290005598,0.038918926749016744
desarrollo,0.047597351912949615,0.04546230649828849
ingeniero,0.04715087171198666,0.04242027959788316
civil,0.04598963845232727,0.056016115360647774
software,0.045831028597517316,0.04136433478878249
gestión,0.04571866367339054,0.05396530216631648
capacidad,0.04373515056822309,0.06183886457875325
ciencias,0.04361408088251971,0.0541195775915104
conocimientos,0.04262206351276098,0.05725506923204641
tecnologías información,0.04049858836277503,0.046542372999476396
formación,0.040099203328500185,0.051055523285909246
informáticos,0.03986170320990643,0.04985995202465121
computación,0.03926472201650047,0.0681899966159103
organizaciones,0.03913461639711485,0.04822794741389727
equipos,0.037994708482770825,0.0393653743939744
profesionales,0.03721898385002761,0.06421932268391375
diseñar,0.036651020960378033,0.05576760155674518
social,0.03612087743827742,0.04378632853478841
comunicación,0.035746386816474116,0.05167556269430214
forma,0.0349469227143591,0.05857090045394103
capaz,0.03486089083479516,0.0533521886567291
procesos,0.03438494116417675,0.04588927100210066
permite,0.0320421625981028,0.05076966870752284
informática universidad,0.03143376283807103,0.048961106997602304
además,0.0312815263187365,0.05623407260676128
calidad,0.030860253975194218,0.061116503807321976
servicios,0.030347028140250636,0.06012013956225695
posee,0.030223208966756454,0.04828327440597766
multidisciplinarios,0.02954133512153181,0.04384760161091452
habilidades,0.0294195803875512,0.06916851227123082
empresas,0.029243983235898562,0.06834049060741774
necesidades,0.029141394335886053,0.04716692300889414
competencias,0.029124284111198127,0.04687961554658215
ingeniero civil,0.02866654045628745,0.04724855273861579
responsabilidad,0.028212731553766992,0.04624439577928812
civil informática,0.02816680608268441,0.05445430463275191
desempeñarse,0.02803603242132257,0.06185847250742374
soluciones tecnológicas,0.027943099724208432,0.055429307754433804
contexto,0.027812204558324935,0.047924246602405594
así,0.027676651311733143,0.057951185566202906
ética,0.027531343355033048,0.04767847372041934
computación informática,0.027529725201128404,0.05934342853488269
ingeniería civil,0.026681829633644703,0.055733885705831696
aplicar,0.02620342432894251,0.06471065553443289
tecnológica,0.02553139489562558,0.04816048706854513
través,0.02505767140621898,0.045754063844888504
inteligencia,0.024991601918877823,0.0514141612406318
computacionales,0.024771204606066622,0.06178541142710571
sociedad,0.024573563403807213,0.05291796473904307
ciencias ingeniería,0.024046717354973685,0.04571805816682849
mejora,0.024035593064489397,0.049493415087529816
herramientas,0.023872659340850786,0.04695921543847412
ciencias básicas,0.023490257955104874,0.04336069344357
básicas,0.023490257955104874,0.04336069344357
inteligencia artificial,0.02335249678426361,0.052965046985321465
ámbito,0.023238799689319682,0.05276119834668281
egreso,0.023193000294241473,0.05059282596471686
diseñar implementar,0.023091498241421544,0.050481975543150974
ingeniería software,0.02264909342399445,0.046608433815071994
contextos,0.022601282771063325,0.045469618916299484
implementación,0.022487114954416878,0.05026502744029626
ético,0.02244881722005633,0.057929094573403
civil computación,0.022414052456932614,0.05575580187758064
resolver problemas,0.022362793528665947,0.041747292084118905
principios,0.022328007636563008,0.04469918967608184
equipos multidisciplinarios,0.02216729015567778,0.04326265452650583
toma,0.02171146567497826,0.04285419453611006
organizacionales,0.021686088088299697,0.049558280530209435
considerando,0.02164606125123897,0.0514425538318064
digital,0.0212996443610785,0.05353157168569141
informático,0.020949588870101964,0.05103498345083454
equipos trabajo,0.020526561234618552,0.04160900944798911
eficiencia,0.02014615476685745,0.04386320476301103
emprendimiento,0.019967982947896524,0.04575319001281069
perfil egreso,0.019925268254671166,0.043953732418403786
éticos,0.019921026090115323,0.05100629017628791
ciencia,0.019838353584989542,0.04799456459469333
profesionales capaces,0.019817244785666387,0.06993845001281178
requerimientos,0.019809733930903288,0.04969500629805361
diversos,0.019610088747606245,0.041934795074053385
personas,0.019437248356304147,0.04046392937594491
sector,0.019422254216263927,0.05289115730541952
egresado,0.019372073018626475,0.044792203067367885
chile,0.019354404234973067,0.05174371213618235
desarrollo software,0.019343880859622978,0.048726479647151995
país,0.01921669178143303,0.04675571509127077
integrar,0.018882638117144038,0.04755204094764091
vida,0.018588333491738242,0.047143798567728004
analizar,0.01847136462485932,0.04311965312577444
aplicando,0.01807688478417596,0.04985726045531732
realizar,0.017965741533186527,0.047558649579267545
ingeniero informática,0.0178812832734342,0.04321770858090524
continua,0.01786907579662678,0.043587497270241915
tecnología,0.017804136852477573,0.04356899102303162
ingeniera,0.017751607501708903,0.055275358516559715
conocimiento,0.01756951563496798,0.04800622644538437
crítico,0.017436946339681555,0.040843199582804246
permanente,0.01734807687418267,0.03915433130386778
entorno,0.01733800984815159,0.04050095030019723
diferentes,0.017262625313462013,0.05494377199763467
civil informático,0.017187110470700713,0.05082722991617924
sistemas información,0.01709519563284647,0.040793709591163616
generar,0.017050592396922658,0.046944031583448884
distintas,0.016939219163883846,0.05501356615121378
eficientes,0.016885445608042077,0.046249101248751256
proceso,0.01686207586771758,0.04592283992414191
identificar,0.016814194348655814,0.054708523443945674
comunicaciones,0.016780800686812647,0.04419223269697708
ejecución,0.016642732367820146,0.0533388482344217
global,0.016549023135382764,0.04192678741677316
análisis,0.01654692430434681,0.04154366234775355
cualquier,0.016544785917480816,0.04833847875304951
tecnológico,0.016506447699898036,0.04434213899814552
inglés,0.016504248685145627,0.04689768994441062
telecomunicaciones,0.016427070614689385,0.053270333120821016
emergentes,0.0163826080832398,0.04904715964012268
sólida,0.016321588762748414,0.04606912486263319
valor,0.016036191054831637,0.04059703968745826
aplicación,0.01600751492031075,0.04092445362103589
universidad católica,0.01600165726640276,0.0440192465933248
plan,0.015956587360375415,0.05074128793134516
objetivos,0.01589295274223016,0.047088246354749265
desafíos,0.015874353654762648,0.042317554979760884
campo,0.015793111439307304,0.057086197098757625
evaluar,0.01575755295283906,0.0418839350087889
transformación,0.015624411839864223,0.036283924660700476
ingenieros,0.015561055530981555,0.0534924463635448
capacitado,0.015425773148029651,0.04399376958221113
bases,0.01520420279606969,0.04027134909761905
bases datos,0.01520420279606969,0.04027134909761905
sentido,0.015177422433656235,0.04938733932494216
proyectos tecnológicos,0.015119765825204471,0.04510293120737435
diversa,0.01508917300290459,0.06135445965763695
evaluación,0.01507288080814406,0.044955961523848946
ámbitos,0.01502714004391408,0.043604515393925895
gestión proyectos,0.01500653320843041,0.04487839567362617
plataformas,0.014910675007623678,0.04295153021864244
permitan,0.014863423231144026,0.03726673443816584
sostenible,0.014829281912011444,0.03568861266801468
diversas,0.014779698870556263,0.040331797509409004
comunicación efectiva,0.014769181617627436,0.041138125085950814
alto,0.0147642574051491,0.04138337959653092
pensamiento,0.014698351843980969,0.03750613072544486
generación,0.01459298440409781,0.04028165643900377
según,0.014561628720548912,0.03741426813898551
información comunicaciones,0.01452064014241361,0.03853844778614866
cuenta,0.014515440121273102,0.040573193919734574
diseña,0.014499843922089703,0.0474408998973566
prácticas,0.014390490623984483,0.03927092164487278
ciberseguridad,0.014341500446171534,0.05880259110892766
contribuir,0.014264869388796444,0.039776061845431164
transformación digital,0.014210822006948808,0.03703580277789919
acuerdo,0.014156453507029303,0.04482684466463809
podrá,0.014119468893491423,0.04113623466538265
públicas privadas,0.014115018239512854,0.044775087222062006
públicas,0.014115018239512854,0.044775087222062006
pensamiento crítico,0.01407050286678472,0.03825851452015316
común,0.014065802483508753,0.03796765950285422
respetando,0.014055770368737334,0.0493402355678949
nivel,0.014021999755422149,0.041952435968001175
desenvolverse,0.01401655006401852,0.0452178342476654
comunicarse,0.013958994019207185,0.040292503148994165
autónoma,0.013939836866637485,0.04115449880130717
instituto,0.01385046479681717,0.04244818796733232
estudios,0.013801330737105334,0.04032160220264355
tic,0.01377692896777176,0.04366182246344552
liderar equipos,0.01356790821254323,0.04019047582012265
básicas ciencias,0.013540808588587848,0.03649379657092693
técnicas,0.013502633718176654,0.04041326355139768
investigación,0.013466608462481936,0.04115584198022328
admisión,0.01346186562637537,0.07301947951382554
santiago,0.013265988082661948,0.04145111959362506
formativo,0.013247688173516006,0.04344202058803918
analítica,0.013241723564321494,0.043332835846083516
responsable,0.013234199484470034,0.040227376690016005
generando,0.013096707396773223,0.04745036117781259
nacional,0.012919609015524929,0.04721854939238791
ingeniero ejecución,0.01291225127067874,0.045423521274467346
puede,0.012884005457528222,0.050366759370063886
ingeniera civil,0.012606510264998969,0.05004470997459546
año,0.01258237937261985,0.05180177991003017
evaluar gestionar,0.01253213519200039,0.042158140541582394
constante,0.012399334810803958,0.03562471579301936
siendo,0.012275096172330776,0.03965041162345816
quehacer profesional,0.012250083859314498,0.03622614626041188
problemas complejos,0.012174669166207824,0.03860141245296156
disciplina,0.0121559761060344,0.038330689090986574
buenas,0.012138912300840085,0.04083931292642312
especialidad,0.012021582484692851,0.046615900175434315
resolución,0.01185981560936208,0.04819928238471564
junto,0.011852931274896015,0.04021373965194069
2026,0.011775629153448508,0.06384023268744739
10,0.011648836196469196,0.03508489512533243
negocio,0.0116431919534551,0.03898313519564731
ciclo,0.01164141790624002,0.044127564793520035
formación permite,0.011619328980041055,0.03646836841148527
técnica,0.011541601486926472,0.040723883783976005
internacionales,0.011390933546560901,0.05439882161511086
nuevas,0.011374393057148099,0.03904233292305661
acreditación,0.011336497170532794,0.05661473504127699
desempeño,0.011310187828110751,0.03157419000317096
concebir,0.01100178905352689,0.04221685409790505
integrales,0.010958777594138835,0.039689752476012544
región,0.0109036504249339,0.040430220331899386
problemáticas,0.010831225018474364,0.03562420229598177
crítica,0.010676759110849204,0.03492977583127024
comprometido,0.010670183301205437,0.03639306597470057
estándares calidad,0.01064182674024253,0.03778191137774589
productivo,0.010592833858982995,0.0434144061446615
instituciones,0.010409671273002248,0.03567565409134378
ambiental,0.010402364639874042,0.036444622652270525
prácticas industria,0.010382819448845188,0.039422553265196066
independiente,0.010335163705365922,0.03519163911315177
ejecución informática,0.010166503614015054,0.040146023948608896
planificar,0.010134777802630711,0.037978947461514236
promoción,0.010095407351681981,0.03567954178710158
laboral,0.009991029066554233,0.033462594072803595
desarrollo sostenible,0.009591498433968565,0.030811275661599052
académico,0.00945254564824186,0.03357810090719734
vanguardia,0.00932936738752362,0.038180763526853956
análisis datos,0.009287354957191078,0.033646521852220564
actualización,0.009229429915135284,0.02909347526727089
vida según,0.00917417702844935,0.03557710827137374
integración,0.009098419682070032,0.03861896069520776
crear,0.008932404352634739,0.03608525399055939
interdisciplinarios,0.00882727067623649,0.02867947564001445
organizaciones públicas,0.008725179094491385,0.04030053845200441
técnico,0.008712920647949223,0.03548273523026872
santa maría,0.00819965234651553,0.03981713733578656
fin,0.008003711942745843,0.030126966993250622
aplica,0.007854735722005167,0.030566877171866992
mención,0.00742391278825514,0.03038551776335368
institucional,0.006916838502458073,0.03793831950491852
técnica federico,0.006648016429476566,0.03129944006623283
magíster,0.006503754046106152,0.03533465242645562
normativa legal,0.006139059207244657,0.02831292261577727
legal,0.006139059207244657,0.02831292261577727
legal vigente,0.006139059207244657,0.02831292261577727
industrial,0.005918986931506094,0.03265988355887986
educación,0.0054120247960250676,0.030715384809016262
empresariales,0.005097799894370412,0.03148223672851133
superior,0.004851637629377341,0.027417726092003606
in,0.0039590910553391435,0.02209206542565381
doctor,0.0036305801401303453,0.020884946446059836
phd,0.0036305801401303453,0.020884946446059836
magíster ciencias,0.0034220797583461985,0.019449489921274075
