fila_csv,universidad_original,universidad_canonica,url
2,Universidad de Santiago de Chile,universidad de santiago de chile,https://admision.usach.cl/carreras/ingenieria-de-ejecucion-en-computacion-e-informatica
3,Universidad de Santiago de Chile,universidad de santiago de chile,https://admision.usach.cl/carreras/ingenieria-civil-en-informatica-plan-comun
4,Universidad de Valparaíso,universidad de valparaiso,https://admision.uv.cl/carreras/ingenieria-en-informatica
5,Universidad de Valparaíso,universidad de valparaiso,https://admision.uv.cl/carreras/ingenieria-civil-informatica
6,Universidad de Chile,universidad de chile,https://admisionuchile.cl/career/ingenieria-civil-en-computacion/
7,Universidad de Atacama,universidad de atacama,https://admision.uda.cl/index.php/ingenieria-civil-en-computacion-e-informatica/
8,Universidad de la Serena,universidad de la serena,https://admision.userena.cl/carreras/ingenieria-civil-en-computacion-e-informatica
9,Universidad de Talca,universidad de talca,https://admision.utalca.cl/carreras/ingenieria-civil-en-computacion/
10,Universidad de Talca,universidad de talca,https://admision.utalca.cl/carreras/ingenieria-en-informatica-empresarial/
11,Universidad del Biobío,universidad del biobio,https://ubiobio.cl/admision/Todas_las_Carreras/17/Ingenieria_Civil_en_Informatica_Concepcion/
12,Universidad del Biobío,universidad del biobio,https://ubiobio.cl/admision/Ciencias_Empresariales/21/Ingenieria_de_Ejecucion_en_Computacion_e_Informatica/
13,Universidad de la Frontera,universidad de la frontera,https://admision.ufro.cl/ingenieria-informatica/
14,Universidad de la Frontera,universidad de la frontera,https://admision.ufro.cl/ingenieria-civil-informatica/
15,Universidad de los Lagos,universidad de los lagos,https://admision.ulagos.cl/Carreras/ingenieria-civil-en-informatica/
16,Universidad de Magallanes,universidad de magallanes,https://admision.umag.cl/?page_id=35
17,Universidad de Magallanes,universidad de magallanes,https://admision.umag.cl/?page_id=27
18,Universidad Tecnologica Metropolitana,universidad tecnologica metropolitana,https://conocetucarrera.utem.cl/ingenieria-en-informatica/
19,Universidad Tecnologica Metropolitana,universidad tecnologica metropolitana,https://conocetucarrera.utem.cl/ingenieria-civil-en-computacion-mencion-informatica/
20,Universidad de Ohiggins,universidad de ohiggins,https://www.uoh.cl/escuela-de-ingenieria/carreras/ingenieria-civil-en-computacion/
21,Universidad de Bernardo Ohiggins,universidad de bernardo ohiggins,https://www.ubo.cl/facultades/facultad-de-ingenieria-ciencia-y-tecnologia/ingenieria-en-informatica/
22,Universidad de Aysen,universidad de aysen,https://uaysen.cl/departamentos/ciencias-naturales-y-tecnologia/ingenieria-civil-informatica/
23,Pontificia Universidad Catolica de Valparaiso,pontificia universidad catolica de valparaiso,https://www.pucv.cl/pucv/pregrado/ingenieria-en-informatica
24,Universidad de Concepcion,universidad de concepcion,https://admision.udec.cl/ingenieria-civil-informatica/
25,Universidad Tecnica Federico Santa Maria,universidad tecnica federico santa maria,https://usm.cl/admision/carreras/ingenieria-civil-informatica/
26,Universidad Tecnica Federico Santa Maria,universidad tecnica federico santa maria,https://usm.cl/admision/carreras/ingenieria-en-informatica/
27,Universidad Catolica del Norte,universidad catolica del norte,https://admision.ucn.cl/carreras/tecnologia-computacion/ingenieria-en-computacion-e-informatica/
28,Universidad Catolica del Norte,universidad catolica del norte,https://admision.ucn.cl/carreras/tecnologia-computacion/ingenieria-civil-en-computacion-e-informatica/
29,Universidad Católica de la Santísima Concepción,universidad catolica de la santisima concepcion,https://ingenieria.ucsc.cl/carreras/ingenieria-civil-informatica/
30,Universidad Católica de la Santísima Concepción,universidad catolica de la santisima concepcion,https://it.ucsc.cl/carreras/ingenieria-de-ejecucion-en-informatica/
31,Universidad Catolica de Temuco,universidad catolica de temuco,https://admision.uct.cl/ing-civil-informatica/
32,Universidad de las Américas,universidad de las americas,https://admision.udla.cl/wp-content/uploads/2025/10/UDLA_PE_202510_81_0.pdf
33,Universidad Andres Bello,universidad andres bello,https://admision.unab.cl/carreras/ingenieria-en-computacion-e-informatica/
34,Universidad Autonoma de Chile,universidad autonoma de chile,https://admision.uautonoma.cl/carreras/ingenieria-civil-informatica/
35,Universidad Autonoma de Chile,universidad autonoma de chile,https://admision.uautonoma.cl/carreras/ingenieria-en-informatica-online-regular/
36,Universidad Central de Chile,universidad central de chile,https://admision.ucentral.cl/carrera/ingenieria-civil-en-computacion-e-informatica/
37,Universidad Central de Chile,universidad central de chile,https://advance.ucentral.cl/programas/ingenieria-en-informatica-y-sistemas-inteligentes/
38,Universidad Mayor,universidad mayor,https://advance.umayor.cl/educacion-online/ingenieria-informatica-plan-regular?utm_source=google&utm_medium=cpa&utm_campaign=SNB_AD_00807156_ON_20267&utm_content=RSA1_ex&utm_term=&gad_source=1&gad_campaignid=23076000607&gbraid=0AAAAADtiOMI1iMfo5ZY2WadRR71Q1zVIJ&gclid=CjwKCAjwhqfPBhBWEiwAZo196q-QOm6zr2L98M0Gp4yAELJa9zXl4ci5MQzLJJrfvV5vChRPKrEUeBoCY6wQAvD_BwE
39,Universidad Mayor,universidad mayor,https://www.umayor.cl/um/carreras/ingenieria-civil-en-computacion-e-informatica-santiago
40,Universidad Diego Portales,universidad diego portales,https://admision.udp.cl/carrera/ingenieria-civil-en-informatica-y-telecomunicaciones/
41,Universidad Diego Portales,universidad diego portales,https://admision.udp.cl/carrera/ingenieria-en-informatica-y-gestion/
42,Universidad Adolfo Ibanez,universidad adolfo ibanez,https://www.uai.cl/admision/carreras/ingenieria-civil-informatica
43,Universidad del Desarrollo,universidad del desarrollo,https://ingenieria.udd.cl/carrera/ingenieria-civil-en-informatica-e-innovacion-tecnologica/perfil-del-alumno/
44,Universidad del Desarrollo,universidad del desarrollo,https://ingenieria.udd.cl/carrera/ingenieria-civil-en-informatica-e-inteligencia-artificial/malla/
45,Universidad Finis Terrae,universidad finis terrae,https://admision.finis.cl/carrera/ingenieria-civil-informatica-y-telecomunicaciones/
46,Universidad Alberto Hurtado,universidad alberto hurtado,https://admision.uahurtado.cl/carreras/ingenieria-civil-plan-comun-informatica/
47,Universidad de los Andes,universidad de los andes,https://admision.uandes.cl/carreras/area-ingenieria-y-administracion/ingenieria-civil-en-ciencias-de-la-computacion
48,Universidad Gabriela Mistral,universidad gabriela mistral,https://admision.ugm.cl/carreras/ingenieria-civil-informatica/
49,INACAP,inacap,https://portal.inacap.cl/carreras/area-informatica-ciberseguridad-y-telecomunicaciones/ingenieria-en-informatica
50,Duoc UC,duoc uc,https://www.duoc.cl/carreras/ingenieria-en-informatica/
51,AIEP,aiep,https://www.aiep.cl/admision/carrera/ingenieria-en-informatica/
52,Santo Tomas,santo tomas,https://www.tupuedes.cl/carreras/instituto-profesional/ingenieria-en-informatica/
53,IACC,iacc,https://www.iacc.cl/carrera/ingenieria-en-informatica/?origen=google_ads_carreras&utm_campaign=39844489-_Search_CARRERA_ING_INFORMATICA&utm_source=ppc&utm_medium=google&utm_term=cpl&utm_content=ingenieria-en-informatica&utm_term=ingenier%C3%ADa%20en%20sistemas%20universidades&utm_campaign=IACC_Search_Carrera_Ingenieria_Inform%C3%A1tica&utm_source=adwords&utm_medium=ppc&hsa_acc=3643935547&hsa_cam=21457092417&hsa_grp=167767224914&hsa_ad=705590150535&hsa_src=g&hsa_tgt=kwd-589776510461&hsa_kw=ingenier%C3%ADa%20en%20sistemas%20universidades&hsa_mt=b&hsa_net=adwords&hsa_ver=3&gad_source=1&gad_campaignid=21457092417&gbraid=0AAAAAqi2tcnc4mlF6prfKC1hCFytIsM7a&gclid=CjwKCAjw46HPBhAMEiwASZpLRHfuoZDNIblNry7ovo2v8t2FkJLsAKlMxZYtNTqT4XptYu05OZwVSxoCjDsQAvD_BwE
54,Iplacex,iplacex,https://www.iplacex.cl/carreras/carreras-100-online/ingenieria-en-informatica/
55,IP Los Leones,ip los leones,https://ipleones.cl/carreras/ingenieria-en-informatica-y-ciberseguridad/
56,Universidad Catolica del Maule,universidad catolica del maule,https://files.griddo.ucm.cl/ingenieria-de-ejecucion-en-computacion-e-informatica.pdf
57,Universidad Católica de la Santísima Concepción,universidad catolica de la santisima concepcion,https://advance.ucsc.cl/carreras/ingenieria-de-ejecucion-en-informatica/
58,IP Chile,ip chile,https://www.ipchile.cl/carreras/ingenieria-en-informatica/
59,Universidad Austral de Chile,universidad austral de chile,https://www.uach.cl/admision/valdivia/ingenieria-civil-en-informatica
60,Instituto profesional Virginio Gomez,instituto profesional virginio gomez,https://admision.virginiogomez.cl/carreras/ingenieria-en-informatica/
61,Universidad de Playa Ancha,universidad de playa ancha,https://www.upla.cl/admision/carreras-profesionales/facultad-de-ingenieria/ingenieria-civil-informatica/
62,Universidad de Los Lagos,universidad de los lagos,https://admision.ulagos.cl/sin-licenciatura/ingenieria-en-informatica-para-tecnicos-de-nivel-superior/
63,Universidad Gabriela Mistral,universidad gabriela mistral,https://advance.ugm.cl/carrera/ingenieria-en-computacion/
64,Universidad San Sebastian,universidad san sebastian,https://admision.uss.cl/carreras/ingenieria-civil-informatica
