termino,fila_csv,grado,universidad,carrera,url,grupo_perfil,fragmento_original
analitica de datos,35,Informática,Universidad Autonoma de Chile,Ingenieria en Informatica,https://admision.uautonoma.cl/carreras/ingenieria-en-informatica-online-regular/,,basadas en lenguajes de programación y analítica de datos
analitica de datos,52,Informática,Santo Tomas,Ingenieria en Informatica,https://www.tupuedes.cl/carreras/instituto-profesional/ingenieria-en-informatica/,,y realizar analítica de datos con la finalidad de la visualización y presentación de éstos para la toma de decisiones y mejora continua en las organizaciones
area de desempeno,32,Informática,Universidad de las Américas,Ingenieria en Informatica,https://admision.udla.cl/wp-content/uploads/2025/10/UDLA_PE_202510_81_0.pdf,,Comunicar en inglés conceptos e ideas básicas relacionadas con el área de desempeño laboral
area de desempeno,53,Informática,IACC,Ingenieria en Informatica,https://www.iacc.cl/carrera/ingenieria-en-informatica/?origen=google_ads_carreras&utm_campaign=39844489-_Search_CARRERA_ING_INFORMATICA&utm_source=ppc&utm_medium=google&utm_term=cpl&utm_content=ingenieria-en-informatica&utm_term=ingenier%C3%ADa%20en%20sistemas%20universidades&utm_campaign=IACC_Search_Carrera_Ingenieria_Inform%C3%A1tica&utm_source=adwords&utm_medium=ppc&hsa_acc=3643935547&hsa_cam=21457092417&hsa_grp=167767224914&hsa_ad=705590150535&hsa_src=g&hsa_tgt=kwd-589776510461&hsa_kw=ingenier%C3%ADa%20en%20sistemas%20universidades&hsa_mt=b&hsa_net=adwords&hsa_ver=3&gad_source=1&gad_campaignid=21457092417&gbraid=0AAAAAqi2tcnc4mlF6prfKC1hCFytIsM7a&gclid=CjwKCAjw46HPBhAMEiwASZpLRHfuoZDNIblNry7ovo2v8t2FkJLsAKlMxZYtNTqT4XptYu05OZwVSxoCjDsQAvD_BwE,,a través de la utilización de herramientas tecnológicas aplicadas a su área de desempeño
automatizando procesos,30,Ejecución,Universidad Católica de la Santísima Concepción,Ingenieria de Ejecucion en Informatica,https://it.ucsc.cl/carreras/ingenieria-de-ejecucion-en-informatica/,ucsc_ejecucion_informatica,automatizando procesos
automatizando procesos,57,Ejecución,Universidad Católica de la Santísima Concepción,Ingenieria de Ejecucion en Informatica,https://advance.ucsc.cl/carreras/ingenieria-de-ejecucion-en-informatica/,ucsc_ejecucion_informatica,automatizando procesos
bases de datos,17,Civil,Universidad de Magallanes,Ingenieria Civil en Computacion e Informatica,https://admision.umag.cl/?page_id=27,,Programador en Bases de Datos en la Web
bases de datos,21,Informática,Universidad de Bernardo Ohiggins,Ingenieria Informatica,https://www.ubo.cl/facultades/facultad-de-ingenieria-ciencia-y-tecnologia/ingenieria-en-informatica/,,diplomada en Tecnologías de la Educación para la modalidad no presencial y posee certificaciones internacionales en bases de datos y calidad de software
bases de datos,30,Ejecución,Universidad Católica de la Santísima Concepción,Ingenieria de Ejecucion en Informatica,https://it.ucsc.cl/carreras/ingenieria-de-ejecucion-en-informatica/,ucsc_ejecucion_informatica,mantención y monitoreo tanto de bases de datos
bases de datos,40,Civil,Universidad Diego Portales,Ingenieria Civil en Informatica y Telecomunicaciones,https://admision.udp.cl/carrera/ingenieria-civil-en-informatica-y-telecomunicaciones/,,bases de datos
bases de datos,50,Informática,Duoc UC,Ingenieria en Informatica,https://www.duoc.cl/carreras/ingenieria-en-informatica/,,bases de datos
bases de datos,51,Informática,AIEP,Ingenieria en Informatica,https://www.aiep.cl/admision/carrera/ingenieria-en-informatica/,,bases de datos y plataformas digitales con una visión orientada al usuario y al cumplimiento de estándares técnicos
bases de datos,53,Informática,IACC,Ingenieria en Informatica,https://www.iacc.cl/carrera/ingenieria-en-informatica/?origen=google_ads_carreras&utm_campaign=39844489-_Search_CARRERA_ING_INFORMATICA&utm_source=ppc&utm_medium=google&utm_term=cpl&utm_content=ingenieria-en-informatica&utm_term=ingenier%C3%ADa%20en%20sistemas%20universidades&utm_campaign=IACC_Search_Carrera_Ingenieria_Inform%C3%A1tica&utm_source=adwords&utm_medium=ppc&hsa_acc=3643935547&hsa_cam=21457092417&hsa_grp=167767224914&hsa_ad=705590150535&hsa_src=g&hsa_tgt=kwd-589776510461&hsa_kw=ingenier%C3%ADa%20en%20sistemas%20universidades&hsa_mt=b&hsa_net=adwords&hsa_ver=3&gad_source=1&gad_campaignid=21457092417&gbraid=0AAAAAqi2tcnc4mlF6prfKC1hCFytIsM7a&gclid=CjwKCAjw46HPBhAMEiwASZpLRHfuoZDNIblNry7ovo2v8t2FkJLsAKlMxZYtNTqT4XptYu05OZwVSxoCjDsQAvD_BwE,,aplicaciones y bases de datos
bases de datos,57,Ejecución,Universidad Católica de la Santísima Concepción,Ingenieria de Ejecucion en Informatica,https://advance.ucsc.cl/carreras/ingenieria-de-ejecucion-en-informatica/,ucsc_ejecucion_informatica,mantención y monitoreo tanto de bases de datos como de sistemas informáticos
bases de datos,58,Informática,IP Chile,Ingenieria en Informatica,https://www.ipchile.cl/carreras/ingenieria-en-informatica/,,administradores de bases de datos
buenas practicas,41,Informática,Universidad Diego Portales,Ingenieria en Informatica y Gestion,https://admision.udp.cl/carrera/ingenieria-en-informatica-y-gestion/,,enmarcándose la aplicación de buenas prácticas
buenas practicas,50,Informática,Duoc UC,Ingenieria en Informatica,https://www.duoc.cl/carreras/ingenieria-en-informatica/,,de acuerdo a buenas prácticas y utilizando metodologías y herramientas de software
buenas practicas,52,Informática,Santo Tomas,Ingenieria en Informatica,https://www.tupuedes.cl/carreras/instituto-profesional/ingenieria-en-informatica/,,gestionar proyectos informáticos de mediana envergadura de acuerdo a las definiciones y requerimientos de la organización en función de buenas prácticas de la industria
buenas practicas,53,Informática,IACC,Ingenieria en Informatica,https://www.iacc.cl/carrera/ingenieria-en-informatica/?origen=google_ads_carreras&utm_campaign=39844489-_Search_CARRERA_ING_INFORMATICA&utm_source=ppc&utm_medium=google&utm_term=cpl&utm_content=ingenieria-en-informatica&utm_term=ingenier%C3%ADa%20en%20sistemas%20universidades&utm_campaign=IACC_Search_Carrera_Ingenieria_Inform%C3%A1tica&utm_source=adwords&utm_medium=ppc&hsa_acc=3643935547&hsa_cam=21457092417&hsa_grp=167767224914&hsa_ad=705590150535&hsa_src=g&hsa_tgt=kwd-589776510461&hsa_kw=ingenier%C3%ADa%20en%20sistemas%20universidades&hsa_mt=b&hsa_net=adwords&hsa_ver=3&gad_source=1&gad_campaignid=21457092417&gbraid=0AAAAAqi2tcnc4mlF6prfKC1hCFytIsM7a&gclid=CjwKCAjw46HPBhAMEiwASZpLRHfuoZDNIblNry7ovo2v8t2FkJLsAKlMxZYtNTqT4XptYu05OZwVSxoCjDsQAvD_BwE,,buenas prácticas de la industria
buenas practicas,54,Informática,Iplacex,Ingenieria en Informatica,https://www.iplacex.cl/carreras/carreras-100-online/ingenieria-en-informatica/,,mejora continua y buenas prácticas durante el ciclo de vida del desarrollo de software
calidad de vida,7,Civil,Universidad de Atacama,Ingeniería Civil en Computación e Informática,https://admision.uda.cl/index.php/ingenieria-civil-en-computacion-e-informatica/,,con el fin de contribuir a la mejora de calidad de vida de nuestra sociedad a través de la transformación digital
calidad de vida,43,Civil,Universidad del Desarrollo,Ingenieria Civil en Informatica e Innovacion Tecnologica,https://ingenieria.udd.cl/carrera/ingenieria-civil-en-informatica-e-innovacion-tecnologica/perfil-del-alumno/,,para mejorar la calidad de vida de las personas
cambio tecnologico,7,Civil,Universidad de Atacama,Ingeniería Civil en Computación e Informática,https://admision.uda.cl/index.php/ingenieria-civil-en-computacion-e-informatica/,,el propósito de nuestra carrera es formar ingenieras e ingenieros líderes del cambio tecnológico
cambio tecnologico,19,Civil,Universidad Tecnologica Metropolitana,Ingenieria Civil en Computacion mencion Informatica,https://conocetucarrera.utem.cl/ingenieria-civil-en-computacion-mencion-informatica/,,evaluar proyectos e impacto del cambio tecnológico
capacidad de comunicacion,7,Civil,Universidad de Atacama,Ingeniería Civil en Computación e Informática,https://admision.uda.cl/index.php/ingenieria-civil-en-computacion-e-informatica/,,Capacidad de comunicación en un segundo idioma
capacidad de comunicacion,47,Civil,Universidad de los Andes,Ingenieria Civil en Ciencias de la Computacion,https://admision.uandes.cl/carreras/area-ingenieria-y-administracion/ingenieria-civil-en-ciencias-de-la-computacion,,por su capacidad de comunicación
combinado de las tecnologias,43,Civil,Universidad del Desarrollo,Ingenieria Civil en Informatica e Innovacion Tecnologica,https://ingenieria.udd.cl/carrera/ingenieria-civil-en-informatica-e-innovacion-tecnologica/perfil-del-alumno/,,con un programa formativo que desarrolla habilidades para identificar y resolver problemas complejos mediante el uso avanzado y combinado de las tecnologías de la información e inteligencia artificial
combinado de las tecnologias,44,Civil,Universidad del Desarrollo,Ingenieria Civil en Informatica e Inteligencia Artificial,https://ingenieria.udd.cl/carrera/ingenieria-civil-en-informatica-e-inteligencia-artificial/malla/,,con un programa formativo que desarrolla habilidades para identificar y resolver problemas complejos mediante el uso avanzado y combinado de las tecnologías de la información e inteligencia artificial
competencias para liderar equipos,19,Civil,Universidad Tecnologica Metropolitana,Ingenieria Civil en Computacion mencion Informatica,https://conocetucarrera.utem.cl/ingenieria-civil-en-computacion-mencion-informatica/,,desarrolla competencias para liderar equipos multidisciplinarios en la resolución de problemas complejos y desarrollar proyectos relacionados con las tecnologías de la comunicación y la ingeniería de software
competencias para liderar equipos,45,Civil,Universidad Finis Terrae,Ingenieria Civil en Informatica y Telecomunicaciones,https://admision.finis.cl/carrera/ingenieria-civil-informatica-y-telecomunicaciones/,,competencias para liderar equipos de trabajo multidisciplinarios y resolver problemas complejos en los ámbitos de ciencias de datos
desarrollo de software,18,Informática,Universidad Tecnologica Metropolitana,Ingenieria en Informatica,https://conocetucarrera.utem.cl/ingenieria-en-informatica/,,desarrollo de software
desarrollo de software,21,Informática,Universidad de Bernardo Ohiggins,Ingenieria Informatica,https://www.ubo.cl/facultades/facultad-de-ingenieria-ciencia-y-tecnologia/ingenieria-en-informatica/,,Es el ámbito orientado al desarrollo de software en los que utiliza un conjunto de herramientas
desarrollo de software,29,Civil,Universidad Católica de la Santísima Concepción,Ingenieria Civil Informatica,https://ingenieria.ucsc.cl/carreras/ingenieria-civil-informatica/,,práctico en las áreas de desarrollo de software
desarrollo de software,30,Ejecución,Universidad Católica de la Santísima Concepción,Ingenieria de Ejecucion en Informatica,https://it.ucsc.cl/carreras/ingenieria-de-ejecucion-en-informatica/,ucsc_ejecucion_informatica,a para el desarrollo de software y tecnologías de la información
desarrollo de software,31,Civil,Universidad Catolica de Temuco,Ingenieria Civil en Informatica,https://admision.uct.cl/ing-civil-informatica/,,mejora y gestión en proyectos públicos y privados de desarrollo de Software
desarrollo de software,32,Informática,Universidad de las Américas,Ingenieria en Informatica,https://admision.udla.cl/wp-content/uploads/2025/10/UDLA_PE_202510_81_0.pdf,,Empresas proveedoras de servicios de desarrollo de software y soluciones tecnológicas
desarrollo de software,50,Informática,Duoc UC,Ingenieria en Informatica,https://www.duoc.cl/carreras/ingenieria-en-informatica/,,Descripción del Campo Ocupacional El campo laboral de Ingeniería en Informática mención en Desarrollo de Software
desarrollo de software,51,Informática,AIEP,Ingenieria en Informatica,https://www.aiep.cl/admision/carrera/ingenieria-en-informatica/,,Su formación le permite abordar el ciclo completo del desarrollo de software
desarrollo de software,54,Informática,Iplacex,Ingenieria en Informatica,https://www.iplacex.cl/carreras/carreras-100-online/ingenieria-en-informatica/,,mejora continua y buenas prácticas durante el ciclo de vida del desarrollo de software
desarrollo de software,57,Ejecución,Universidad Católica de la Santísima Concepción,Ingenieria de Ejecucion en Informatica,https://advance.ucsc.cl/carreras/ingenieria-de-ejecucion-en-informatica/,ucsc_ejecucion_informatica,a para el desarrollo de software y tecnologías de la información
forma colaborativa,8,Civil,Universidad de la Serena,Ingeniería Civil en Computación e Informática,https://admision.userena.cl/carreras/ingenieria-civil-en-computacion-e-informatica,,permitiendo su incorporación a equipos de trabajo interdisciplinarios de forma colaborativa
forma colaborativa,43,Civil,Universidad del Desarrollo,Ingenieria Civil en Informatica e Innovacion Tecnologica,https://ingenieria.udd.cl/carrera/ingenieria-civil-en-informatica-e-innovacion-tecnologica/perfil-del-alumno/,,de forma colaborativa
forma colaborativa,45,Civil,Universidad Finis Terrae,Ingenieria Civil en Informatica y Telecomunicaciones,https://admision.finis.cl/carrera/ingenieria-civil-informatica-y-telecomunicaciones/,,Lidera proyectos en forma colaborativa en contextos organizacionales
formacion profesional,7,Civil,Universidad de Atacama,Ingeniería Civil en Computación e Informática,https://admision.uda.cl/index.php/ingenieria-civil-en-computacion-e-informatica/,,contribuyen a completar una formación profesional integral
formacion profesional,11,Civil,Universidad del Biobío,Ingeniería Civil en Informática,https://ubiobio.cl/admision/Todas_las_Carreras/17/Ingenieria_Civil_en_Informatica_Concepcion/,,La formación profesional del ingeniero
formacion profesional,14,Civil,Universidad de la Frontera,Ingenieria Civil Informatica,https://admision.ufro.cl/ingenieria-civil-informatica/,,Cuenta con formación profesional en ciencias básicas
gestion de proyectos tecnologicos,32,Informática,Universidad de las Américas,Ingenieria en Informatica,https://admision.udla.cl/wp-content/uploads/2025/10/UDLA_PE_202510_81_0.pdf,,siendo capaz de entregar soluciones tecnológicas considerando aspectos de gestión de proyectos tecnológicos
gestion de proyectos tecnologicos,49,Informática,INACAP,Ingenieria en Informatica,https://portal.inacap.cl/carreras/area-informatica-ciberseguridad-y-telecomunicaciones/ingenieria-en-informatica,,enfocada en las implicaciones sociales y ambientales de la toma de decisiones y gestión de proyectos tecnológicos
gestion de proyectos tecnologicos,54,Informática,Iplacex,Ingenieria en Informatica,https://www.iplacex.cl/carreras/carreras-100-online/ingenieria-en-informatica/,,contribuir a la toma de decisiones y apoyar la gestión de proyectos tecnológicos
implementar soluciones,12,Ejecución,Universidad del Biobío,Ingenieria de Ejecución en Computación e Informática,https://ubiobio.cl/admision/Ciencias_Empresariales/21/Ingenieria_de_Ejecucion_en_Computacion_e_Informatica/,,construir e implementar soluciones informáticas efectivas y eficientes para resolver diversas necesidades de la comunidad
implementar soluciones,27,Informática,Universidad Catolica del Norte,Ingenieria en Computacion e Informatica,https://admision.ucn.cl/carreras/tecnologia-computacion/ingenieria-en-computacion-e-informatica/,,diseñar e implementar soluciones TIC requeridas por las organizaciones
implementar soluciones,28,Civil,Universidad Catolica del Norte,Ingenieria Civil en Computacion e Informatica,https://admision.ucn.cl/carreras/tecnologia-computacion/ingenieria-civil-en-computacion-e-informatica/,,diseñar e implementar soluciones TIC requeridas por las organizaciones
implementar soluciones,54,Informática,Iplacex,Ingenieria en Informatica,https://www.iplacex.cl/carreras/carreras-100-online/ingenieria-en-informatica/,,desarrollar e implementar soluciones informáticas para responder a las necesidades de organizaciones en distintos contextos
implementar soluciones,56,Ejecución,Universidad Catolica del Maule,Ingenieria Ejecucion en Computacion e Informatica,https://files.griddo.ucm.cl/ingenieria-de-ejecucion-en-computacion-e-informatica.pdf,,Implementar soluciones tecnológicas que involucren la integración de software y hardware para la interconectividad entre sistemas informáticos
implementar soluciones,62,Informática,Universidad de Los Lagos,Ingeniería en Informática para Técnicos de Nivel Superior,https://admision.ulagos.cl/sin-licenciatura/ingenieria-en-informatica-para-tecnicos-de-nivel-superior/,,analizar e implementar soluciones relacionadas con el manejo de información aplicando las tecnologías de información emergente
instituciones publicas,30,Ejecución,Universidad Católica de la Santísima Concepción,Ingenieria de Ejecucion en Informatica,https://it.ucsc.cl/carreras/ingenieria-de-ejecucion-en-informatica/,ucsc_ejecucion_informatica,Se desempeña en instituciones públicas y privadas
instituciones publicas,39,Civil,Universidad Mayor,Ingenieria Civil en Computacion e Informatica,https://www.umayor.cl/um/carreras/ingenieria-civil-en-computacion-e-informatica-santiago,,en instituciones públicas o privadas tanto nacionales como extranjeras
instituciones publicas,42,Civil,Universidad Adolfo Ibanez,Ingenieria Civil Informatica,https://www.uai.cl/admision/carreras/ingenieria-civil-informatica,,emprendedores o funcionarios de instituciones públicas o privadas
instituciones publicas,57,Ejecución,Universidad Católica de la Santísima Concepción,Ingenieria de Ejecucion en Informatica,https://advance.ucsc.cl/carreras/ingenieria-de-ejecucion-en-informatica/,ucsc_ejecucion_informatica,a se desempeña en instituciones públicas y privadas
instituciones publicas,64,Civil,Universidad San Sebastian,Ingeniería Civil Informática,https://admision.uss.cl/carreras/ingenieria-civil-informatica,,pudiendo desempeñarse en instituciones públicas y privadas o crear empresas tecnológicas
inteligencia de negocios,30,Ejecución,Universidad Católica de la Santísima Concepción,Ingenieria de Ejecucion en Informatica,https://it.ucsc.cl/carreras/ingenieria-de-ejecucion-en-informatica/,ucsc_ejecucion_informatica,recursos digitales e inteligencia de negocios
inteligencia de negocios,32,Informática,Universidad de las Américas,Ingenieria en Informatica,https://admision.udla.cl/wp-content/uploads/2025/10/UDLA_PE_202510_81_0.pdf,,análisis de datos e inteligencia de negocios
inteligencia de negocios,54,Informática,Iplacex,Ingenieria en Informatica,https://www.iplacex.cl/carreras/carreras-100-online/ingenieria-en-informatica/,,inteligencia de negocios
inteligencia de negocios,57,Ejecución,Universidad Católica de la Santísima Concepción,Ingenieria de Ejecucion en Informatica,https://advance.ucsc.cl/carreras/ingenieria-de-ejecucion-en-informatica/,ucsc_ejecucion_informatica,recursos digitales e Inteligencia de Negocios
lenguajes de programacion,21,Informática,Universidad de Bernardo Ohiggins,Ingenieria Informatica,https://www.ubo.cl/facultades/facultad-de-ingenieria-ciencia-y-tecnologia/ingenieria-en-informatica/,,lenguajes de programación
lenguajes de programacion,30,Ejecución,Universidad Católica de la Santísima Concepción,Ingenieria de Ejecucion en Informatica,https://it.ucsc.cl/carreras/ingenieria-de-ejecucion-en-informatica/,ucsc_ejecucion_informatica,con conocimientos en lenguajes de programación
lenguajes de programacion,35,Informática,Universidad Autonoma de Chile,Ingenieria en Informatica,https://admision.uautonoma.cl/carreras/ingenieria-en-informatica-online-regular/,,basadas en lenguajes de programación y analítica de datos
lenguajes de programacion,50,Informática,Duoc UC,Ingenieria en Informatica,https://www.duoc.cl/carreras/ingenieria-en-informatica/,,lenguajes de programación y buenas prácticas de la industria del desarrollo de software
lenguajes de programacion,57,Ejecución,Universidad Católica de la Santísima Concepción,Ingenieria de Ejecucion en Informatica,https://advance.ucsc.cl/carreras/ingenieria-de-ejecucion-en-informatica/,ucsc_ejecucion_informatica,con conocimientos en lenguajes de programación
mejora de procesos,10,Informática,Universidad de Talca,Ingeniería en Informática Empresarial,https://admision.utalca.cl/carreras/ingenieria-en-informatica-empresarial/,,Es capaz de crear valor e innovar mediante la mejora de procesos
mejora de procesos,41,Informática,Universidad Diego Portales,Ingenieria en Informatica y Gestion,https://admision.udp.cl/carrera/ingenieria-en-informatica-y-gestion/,,con visión sistémica y énfasis en la mejora de procesos
mejora de procesos,51,Informática,AIEP,Ingenieria en Informatica,https://www.aiep.cl/admision/carrera/ingenieria-en-informatica/,,aportando a la mejora de procesos
mejora de procesos,53,Informática,IACC,Ingenieria en Informatica,https://www.iacc.cl/carrera/ingenieria-en-informatica/?origen=google_ads_carreras&utm_campaign=39844489-_Search_CARRERA_ING_INFORMATICA&utm_source=ppc&utm_medium=google&utm_term=cpl&utm_content=ingenieria-en-informatica&utm_term=ingenier%C3%ADa%20en%20sistemas%20universidades&utm_campaign=IACC_Search_Carrera_Ingenieria_Inform%C3%A1tica&utm_source=adwords&utm_medium=ppc&hsa_acc=3643935547&hsa_cam=21457092417&hsa_grp=167767224914&hsa_ad=705590150535&hsa_src=g&hsa_tgt=kwd-589776510461&hsa_kw=ingenier%C3%ADa%20en%20sistemas%20universidades&hsa_mt=b&hsa_net=adwords&hsa_ver=3&gad_source=1&gad_campaignid=21457092417&gbraid=0AAAAAqi2tcnc4mlF6prfKC1hCFytIsM7a&gclid=CjwKCAjw46HPBhAMEiwASZpLRHfuoZDNIblNry7ovo2v8t2FkJLsAKlMxZYtNTqT4XptYu05OZwVSxoCjDsQAvD_BwE,,liderando e implementando estrategias de innovación y mejora de procesos de negocios
mercado laboral,33,Informática,Universidad Andres Bello,Ingenieria en Computacion e Informatica,https://admision.unab.cl/carreras/ingenieria-en-computacion-e-informatica/,,entregando solución a los requerimientos de la industria y mercado laboral
mercado laboral,49,Informática,INACAP,Ingenieria en Informatica,https://portal.inacap.cl/carreras/area-informatica-ciberseguridad-y-telecomunicaciones/ingenieria-en-informatica,,servirán para integrarte al mercado laboral y desarrollarte profesionalmente
mercado laboral,53,Informática,IACC,Ingenieria en Informatica,https://www.iacc.cl/carrera/ingenieria-en-informatica/?origen=google_ads_carreras&utm_campaign=39844489-_Search_CARRERA_ING_INFORMATICA&utm_source=ppc&utm_medium=google&utm_term=cpl&utm_content=ingenieria-en-informatica&utm_term=ingenier%C3%ADa%20en%20sistemas%20universidades&utm_campaign=IACC_Search_Carrera_Ingenieria_Inform%C3%A1tica&utm_source=adwords&utm_medium=ppc&hsa_acc=3643935547&hsa_cam=21457092417&hsa_grp=167767224914&hsa_ad=705590150535&hsa_src=g&hsa_tgt=kwd-589776510461&hsa_kw=ingenier%C3%ADa%20en%20sistemas%20universidades&hsa_mt=b&hsa_net=adwords&hsa_ver=3&gad_source=1&gad_campaignid=21457092417&gbraid=0AAAAAqi2tcnc4mlF6prfKC1hCFytIsM7a&gclid=CjwKCAjw46HPBhAMEiwASZpLRHfuoZDNIblNry7ovo2v8t2FkJLsAKlMxZYtNTqT4XptYu05OZwVSxoCjDsQAvD_BwE,,a fin de aportar soluciones a los requerimientos del mercado laboral
practicas de la industria,50,Informática,Duoc UC,Ingenieria en Informatica,https://www.duoc.cl/carreras/ingenieria-en-informatica/,,las mejores prácticas de la industria y sus estándares de calidad
practicas de la industria,52,Informática,Santo Tomas,Ingenieria en Informatica,https://www.tupuedes.cl/carreras/instituto-profesional/ingenieria-en-informatica/,,gestionar proyectos informáticos de mediana envergadura de acuerdo a las definiciones y requerimientos de la organización en función de buenas prácticas de la industria
practicas de la industria,53,Informática,IACC,Ingenieria en Informatica,https://www.iacc.cl/carrera/ingenieria-en-informatica/?origen=google_ads_carreras&utm_campaign=39844489-_Search_CARRERA_ING_INFORMATICA&utm_source=ppc&utm_medium=google&utm_term=cpl&utm_content=ingenieria-en-informatica&utm_term=ingenier%C3%ADa%20en%20sistemas%20universidades&utm_campaign=IACC_Search_Carrera_Ingenieria_Inform%C3%A1tica&utm_source=adwords&utm_medium=ppc&hsa_acc=3643935547&hsa_cam=21457092417&hsa_grp=167767224914&hsa_ad=705590150535&hsa_src=g&hsa_tgt=kwd-589776510461&hsa_kw=ingenier%C3%ADa%20en%20sistemas%20universidades&hsa_mt=b&hsa_net=adwords&hsa_ver=3&gad_source=1&gad_campaignid=21457092417&gbraid=0AAAAAqi2tcnc4mlF6prfKC1hCFytIsM7a&gclid=CjwKCAjw46HPBhAMEiwASZpLRHfuoZDNIblNry7ovo2v8t2FkJLsAKlMxZYtNTqT4XptYu05OZwVSxoCjDsQAvD_BwE,,buenas prácticas de la industria
proyectos de software,2,Ejecución,Universidad de Santiago de Chile,Ingeniería de Ejecución en Computación e Informática,https://admision.usach.cl/carreras/ingenieria-de-ejecucion-en-computacion-e-informatica,,diseñar e implementar sistemas de información y administrar proyectos de software
proyectos de software,22,Civil,Universidad de Aysen,Ingenieria Civil Informatica,https://uaysen.cl/departamentos/ciencias-naturales-y-tecnologia/ingenieria-civil-informatica/,,Tienen capacidades de gestión de proyectos de software
proyectos de software,36,Civil,Universidad Central de Chile,Ingenieria Civil en Computacion e Informatica,https://admision.ucentral.cl/carrera/ingenieria-civil-en-computacion-e-informatica/,,gestionar y desarrollar proyectos de software
proyectos de software,50,Informática,Duoc UC,Ingenieria en Informatica,https://www.duoc.cl/carreras/ingenieria-en-informatica/,,Desarrollar proyectos de software innovadores para plataformas y dispositivos móviles
proyectos de software,56,Ejecución,Universidad Catolica del Maule,Ingenieria Ejecucion en Computacion e Informatica,https://files.griddo.ucm.cl/ingenieria-de-ejecucion-en-computacion-e-informatica.pdf,,Ejecutar proyectos de software
recursos digitales,30,Ejecución,Universidad Católica de la Santísima Concepción,Ingenieria de Ejecucion en Informatica,https://it.ucsc.cl/carreras/ingenieria-de-ejecucion-en-informatica/,ucsc_ejecucion_informatica,recursos digitales e inteligencia de negocios
recursos digitales,57,Ejecución,Universidad Católica de la Santísima Concepción,Ingenieria de Ejecucion en Informatica,https://advance.ucsc.cl/carreras/ingenieria-de-ejecucion-en-informatica/,ucsc_ejecucion_informatica,recursos digitales e Inteligencia de Negocios
resolver problemas,2,Ejecución,Universidad de Santiago de Chile,Ingeniería de Ejecución en Computación e Informática,https://admision.usach.cl/carreras/ingenieria-de-ejecucion-en-computacion-e-informatica,,a profesional capaz de diagnosticar y resolver problemas de ingeniería informática
resolver problemas,4,Informática,Universidad de Valparaíso,Ingeniería en Informática,https://admision.uv.cl/carreras/ingenieria-en-informatica,,resolver problemas con énfasis en la eficiencia
resolver problemas,5,Civil,Universidad de Valparaíso,Ingeniería Civil en Informática,https://admision.uv.cl/carreras/ingenieria-civil-informatica,,resolver problemas con énfasis en la eficiencia y optimización
resolver problemas,7,Civil,Universidad de Atacama,Ingeniería Civil en Computación e Informática,https://admision.uda.cl/index.php/ingenieria-civil-en-computacion-e-informatica/,,resolver problemas de ingeniería e integrar equipos
resolver problemas,9,Civil,Universidad de Talca,Ingeniería Civil en Computación,https://admision.utalca.cl/carreras/ingenieria-civil-en-computacion/,,poseen una visión integral de los sistemas computacionales y la capacidad de resolver problemas desafiantes
resolver problemas,21,Informática,Universidad de Bernardo Ohiggins,Ingenieria Informatica,https://www.ubo.cl/facultades/facultad-de-ingenieria-ciencia-y-tecnologia/ingenieria-en-informatica/,,a para enfrentarse a escenarios laborales complejos y resolver problemas propios del contexto
resolver problemas,23,Informática,Pontificia Universidad Catolica de Valparaiso,Ingenieria en Informatica,https://www.pucv.cl/pucv/pregrado/ingenieria-en-informatica,,síntesis y reflexión crítica con el objetivo de resolver problemas
resolver problemas,25,Civil,Universidad Tecnica Federico Santa Maria,Ingenieria Civil Informatica,https://usm.cl/admision/carreras/ingenieria-civil-informatica/,,aplicando algoritmos y fundamentos teóricos para resolver problemas en ingeniería
resolver problemas,32,Informática,Universidad de las Américas,Ingenieria en Informatica,https://admision.udla.cl/wp-content/uploads/2025/10/UDLA_PE_202510_81_0.pdf,,plantear y resolver problemas
resolver problemas,34,Civil,Universidad Autonoma de Chile,Ingenieria Civil Informatica,https://admision.uautonoma.cl/carreras/ingenieria-civil-informatica/,,ciencias de la ingeniería y de la ingeniería aplicada para resolver problemas fundamentales y propios de las organizaciones
resolver problemas,41,Informática,Universidad Diego Portales,Ingenieria en Informatica y Gestion,https://admision.udp.cl/carrera/ingenieria-en-informatica-y-gestion/,,con el fin de resolver problemas y
resolver problemas,43,Civil,Universidad del Desarrollo,Ingenieria Civil en Informatica e Innovacion Tecnologica,https://ingenieria.udd.cl/carrera/ingenieria-civil-en-informatica-e-innovacion-tecnologica/perfil-del-alumno/,,con un programa formativo que desarrolla habilidades para identificar y resolver problemas complejos mediante el uso avanzado y combinado de las tecnologías de la información e inteligencia artificial
resolver problemas,44,Civil,Universidad del Desarrollo,Ingenieria Civil en Informatica e Inteligencia Artificial,https://ingenieria.udd.cl/carrera/ingenieria-civil-en-informatica-e-inteligencia-artificial/malla/,,con un programa formativo que desarrolla habilidades para identificar y resolver problemas complejos mediante el uso avanzado y combinado de las tecnologías de la información e inteligencia artificial
resolver problemas,45,Civil,Universidad Finis Terrae,Ingenieria Civil en Informatica y Telecomunicaciones,https://admision.finis.cl/carrera/ingenieria-civil-informatica-y-telecomunicaciones/,,competencias para liderar equipos de trabajo multidisciplinarios y resolver problemas complejos en los ámbitos de ciencias de datos
resolver problemas,52,Informática,Santo Tomas,Ingenieria en Informatica,https://www.tupuedes.cl/carreras/instituto-profesional/ingenieria-en-informatica/,,Pueden resolver problemas o situaciones de diversa índole
resolver problemas,56,Ejecución,Universidad Catolica del Maule,Ingenieria Ejecucion en Computacion e Informatica,https://files.griddo.ucm.cl/ingenieria-de-ejecucion-en-computacion-e-informatica.pdf,,planificar estrategias tecnológicas de solución y resolver problemas basándose en la aplicación del diseño de software y tecnologías de la información
resolver problemas,58,Informática,IP Chile,Ingenieria en Informatica,https://www.ipchile.cl/carreras/ingenieria-en-informatica/,,estará capacitado para resolver problemas complejos utilizando tecnologías de la información y la comunicación
resolver problemas,59,Civil,Universidad Austral de Chile,Ingenieria Civil en Informatica,https://www.uach.cl/admision/valdivia/ingenieria-civil-en-informatica,,Quien egresa de la carrera de Ingeniería Civil en Informática de la Universidad Austral de Chile será capaz de diagnosticar necesidades y resolver problemas complejos que requieran soluciones computacionales
resolver problemas,61,Civil,Universidad de Playa Ancha,Ingenieria Civil en Informatica,https://www.upla.cl/admision/carreras-profesionales/facultad-de-ingenieria/ingenieria-civil-informatica/,,La sólida formación en las Ciencias de la Ingeniería Informática te permitirá resolver problemas complejos vinculados al diseño
responsabilidad social,7,Civil,Universidad de Atacama,Ingeniería Civil en Computación e Informática,https://admision.uda.cl/index.php/ingenieria-civil-en-computacion-e-informatica/,,cívicos y de responsabilidad social
responsabilidad social,9,Civil,Universidad de Talca,Ingeniería Civil en Computación,https://admision.utalca.cl/carreras/ingenieria-civil-en-computacion/,,con sentido ético y de responsabilidad social
responsabilidad social,10,Informática,Universidad de Talca,Ingeniería en Informática Empresarial,https://admision.utalca.cl/carreras/ingenieria-en-informatica-empresarial/,,En su actuar como profesional considera la responsabilidad social
responsabilidad social,11,Civil,Universidad del Biobío,Ingeniería Civil en Informática,https://ubiobio.cl/admision/Todas_las_Carreras/17/Ingenieria_Civil_en_Informatica_Concepcion/,,excelencia y responsabilidad social
responsabilidad social,12,Ejecución,Universidad del Biobío,Ingenieria de Ejecución en Computación e Informática,https://ubiobio.cl/admision/Ciencias_Empresariales/21/Ingenieria_de_Ejecucion_en_Computacion_e_Informatica/,,responsabilidad social
responsabilidad social,14,Civil,Universidad de la Frontera,Ingenieria Civil Informatica,https://admision.ufro.cl/ingenieria-civil-informatica/,,Su sello profesional es el diseño en ingeniería con innovación y responsabilidad social
responsabilidad social,18,Informática,Universidad Tecnologica Metropolitana,Ingenieria en Informatica,https://conocetucarrera.utem.cl/ingenieria-en-informatica/,,la innovación y el ejercicio profesional con responsabilidad social
responsabilidad social,25,Civil,Universidad Tecnica Federico Santa Maria,Ingenieria Civil Informatica,https://usm.cl/admision/carreras/ingenieria-civil-informatica/,,actuando siempre con una responsabilidad social y ética acorde a los principios inherentes a su profesión y en coherencia con el legado testamentario de Don Federico Santa María
responsabilidad social,27,Informática,Universidad Catolica del Norte,Ingenieria en Computacion e Informatica,https://admision.ucn.cl/carreras/tecnologia-computacion/ingenieria-en-computacion-e-informatica/,,con principios éticos y con un sentido amplio de responsabilidad social
responsabilidad social,28,Civil,Universidad Catolica del Norte,Ingenieria Civil en Computacion e Informatica,https://admision.ucn.cl/carreras/tecnologia-computacion/ingenieria-civil-en-computacion-e-informatica/,,con principios éticos y con un sentido amplio de responsabilidad social
responsabilidad social,34,Civil,Universidad Autonoma de Chile,Ingenieria Civil Informatica,https://admision.uautonoma.cl/carreras/ingenieria-civil-informatica/,,responsabilidad social
responsabilidad social,39,Civil,Universidad Mayor,Ingenieria Civil en Computacion e Informatica,https://www.umayor.cl/um/carreras/ingenieria-civil-en-computacion-e-informatica-santiago,,ética profesional y responsabilidad social
responsabilidad social,41,Informática,Universidad Diego Portales,Ingenieria en Informatica y Gestion,https://admision.udp.cl/carrera/ingenieria-en-informatica-y-gestion/,,ética y responsabilidad social empresarial
responsabilidad social,56,Ejecución,Universidad Catolica del Maule,Ingenieria Ejecucion en Computacion e Informatica,https://files.griddo.ucm.cl/ingenieria-de-ejecucion-en-computacion-e-informatica.pdf,,haciendo primar la responsabilidad social desde una perspectiva cristiana
responsabilidad social,62,Informática,Universidad de Los Lagos,Ingeniería en Informática para Técnicos de Nivel Superior,https://admision.ulagos.cl/sin-licenciatura/ingenieria-en-informatica-para-tecnicos-de-nivel-superior/,,en el respeto al medio ambiente y la responsabilidad social
responsabilidad social,64,Civil,Universidad San Sebastian,Ingeniería Civil Informática,https://admision.uss.cl/carreras/ingenieria-civil-informatica,,sentido de responsabilidad social
soluciones computacionales,6,Civil,Universidad de Chile,Ingeniería Civil en Computación,https://admisionuchile.cl/career/ingenieria-civil-en-computacion/,,evalúan e integran soluciones computacionales que responden a las exigencias y restricciones que presentan problemas de distinta complejidad y naturaleza
soluciones computacionales,20,Civil,Universidad de Ohiggins,Ingenieria Civil en Computacion,https://www.uoh.cl/escuela-de-ingenieria/carreras/ingenieria-civil-en-computacion/,,evalúa e integra soluciones computacionales
soluciones computacionales,22,Civil,Universidad de Aysen,Ingenieria Civil Informatica,https://uaysen.cl/departamentos/ciencias-naturales-y-tecnologia/ingenieria-civil-informatica/,,los que logran aplicar al desarrollo y evaluación de soluciones computacionales
soluciones computacionales,25,Civil,Universidad Tecnica Federico Santa Maria,Ingenieria Civil Informatica,https://usm.cl/admision/carreras/ingenieria-civil-informatica/,,y diseña soluciones computacionales robustas
soluciones computacionales,59,Civil,Universidad Austral de Chile,Ingenieria Civil en Informatica,https://www.uach.cl/admision/valdivia/ingenieria-civil-en-informatica,,Quien egresa de la carrera de Ingeniería Civil en Informática de la Universidad Austral de Chile será capaz de diagnosticar necesidades y resolver problemas complejos que requieran soluciones computacionales
tecnologia de la informacion,21,Informática,Universidad de Bernardo Ohiggins,Ingenieria Informatica,https://www.ubo.cl/facultades/facultad-de-ingenieria-ciencia-y-tecnologia/ingenieria-en-informatica/,,años de experiencia en Tecnología de la información y
tecnologia de la informacion,58,Informática,IP Chile,Ingenieria en Informatica,https://www.ipchile.cl/carreras/ingenieria-en-informatica/,,como tecnología de la información
tecnologia de la informacion,62,Informática,Universidad de Los Lagos,Ingeniería en Informática para Técnicos de Nivel Superior,https://admision.ulagos.cl/sin-licenciatura/ingenieria-en-informatica-para-tecnicos-de-nivel-superior/,,para aplicar las ciencias básicas y utilización de sistemas de información así como como tecnología de la información en el diseño de alternativas de solución
tecnologias de la informacion,4,Informática,Universidad de Valparaíso,Ingeniería en Informática,https://admision.uv.cl/carreras/ingenieria-en-informatica,,Profesional integrador de tecnologías de la información y comunicación
tecnologias de la informacion,5,Civil,Universidad de Valparaíso,Ingeniería Civil en Informática,https://admision.uv.cl/carreras/ingenieria-civil-informatica,,caracterizándose como un profesional integrador de Tecnologías de la Información y Comunicación
tecnologias de la informacion,10,Informática,Universidad de Talca,Ingeniería en Informática Empresarial,https://admision.utalca.cl/carreras/ingenieria-en-informatica-empresarial/,,a profesional con competencias en gestión empresarial y tecnologías de la información
tecnologias de la informacion,14,Civil,Universidad de la Frontera,Ingenieria Civil Informatica,https://admision.ufro.cl/ingenieria-civil-informatica/,,El Ingeniero o la Ingeniera Civil Informático de la Universidad de La Frontera es un o una profesional del área de las tecnologías de la información y comunicación con capacidades para desempeñarse en los ámbitos de diseño e implementación de soluciones informáticas de vanguardia
tecnologias de la informacion,18,Informática,Universidad Tecnologica Metropolitana,Ingenieria en Informatica,https://conocetucarrera.utem.cl/ingenieria-en-informatica/,,y administrar tecnologías de la información
tecnologias de la informacion,19,Civil,Universidad Tecnologica Metropolitana,Ingenieria Civil en Computacion mencion Informatica,https://conocetucarrera.utem.cl/ingenieria-civil-en-computacion-mencion-informatica/,,ciencia de la computación y tecnologías de la información
tecnologias de la informacion,21,Informática,Universidad de Bernardo Ohiggins,Ingenieria Informatica,https://www.ubo.cl/facultades/facultad-de-ingenieria-ciencia-y-tecnologia/ingenieria-en-informatica/,,Eder Patricio Moran Heredia Ingeniero de Sistemas por la Universidad Cesar Vallejo de Perú e Ingeniería en Tecnologías de la Información y Comunicaciones en la Universidad San Sebastián
tecnologias de la informacion,23,Informática,Pontificia Universidad Catolica de Valparaiso,Ingenieria en Informatica,https://www.pucv.cl/pucv/pregrado/ingenieria-en-informatica,,Usa las tecnologías de la información y comunicación como herramienta del desarrollo académico y profesional
tecnologias de la informacion,27,Informática,Universidad Catolica del Norte,Ingenieria en Computacion e Informatica,https://admision.ucn.cl/carreras/tecnologia-computacion/ingenieria-en-computacion-e-informatica/,,Tecnologías de la Información
tecnologias de la informacion,28,Civil,Universidad Catolica del Norte,Ingenieria Civil en Computacion e Informatica,https://admision.ucn.cl/carreras/tecnologia-computacion/ingenieria-civil-en-computacion-e-informatica/,,Tecnologías de la información
tecnologias de la informacion,29,Civil,Universidad Católica de la Santísima Concepción,Ingenieria Civil Informatica,https://ingenieria.ucsc.cl/carreras/ingenieria-civil-informatica/,,infraestructura de tecnologías de la información e inteligencia artificial a través del diseño
tecnologias de la informacion,30,Ejecución,Universidad Católica de la Santísima Concepción,Ingenieria de Ejecucion en Informatica,https://it.ucsc.cl/carreras/ingenieria-de-ejecucion-en-informatica/,ucsc_ejecucion_informatica,a para el desarrollo de software y tecnologías de la información
tecnologias de la informacion,39,Civil,Universidad Mayor,Ingenieria Civil en Computacion e Informatica,https://www.umayor.cl/um/carreras/ingenieria-civil-en-computacion-e-informatica-santiago,,tecnologías de la información y de las organizaciones
tecnologias de la informacion,40,Civil,Universidad Diego Portales,Ingenieria Civil en Informatica y Telecomunicaciones,https://admision.udp.cl/carrera/ingenieria-civil-en-informatica-y-telecomunicaciones/,,Su formación se centra en la creación y gestión integral de productos y sistemas basados en Tecnologías de la Información y Comunicaciones
tecnologias de la informacion,41,Informática,Universidad Diego Portales,Ingenieria en Informatica y Gestion,https://admision.udp.cl/carrera/ingenieria-en-informatica-y-gestion/,,Proyectos Tecnológicos Gestionar tecnologías de la información y comunicaciones en función de los objetivos organizacionales
tecnologias de la informacion,42,Civil,Universidad Adolfo Ibanez,Ingenieria Civil Informatica,https://www.uai.cl/admision/carreras/ingenieria-civil-informatica,,así como para emprender e innovar en el campo de las tecnologías de la información
tecnologias de la informacion,43,Civil,Universidad del Desarrollo,Ingenieria Civil en Informatica e Innovacion Tecnologica,https://ingenieria.udd.cl/carrera/ingenieria-civil-en-informatica-e-innovacion-tecnologica/perfil-del-alumno/,,con un programa formativo que desarrolla habilidades para identificar y resolver problemas complejos mediante el uso avanzado y combinado de las tecnologías de la información e inteligencia artificial
tecnologias de la informacion,44,Civil,Universidad del Desarrollo,Ingenieria Civil en Informatica e Inteligencia Artificial,https://ingenieria.udd.cl/carrera/ingenieria-civil-en-informatica-e-inteligencia-artificial/malla/,,con un programa formativo que desarrolla habilidades para identificar y resolver problemas complejos mediante el uso avanzado y combinado de las tecnologías de la información e inteligencia artificial
tecnologias de la informacion,49,Informática,INACAP,Ingenieria en Informatica,https://portal.inacap.cl/carreras/area-informatica-ciberseguridad-y-telecomunicaciones/ingenieria-en-informatica,,brindando soluciones tecnológicas de diversa índole y siguiendo las metodologías de gestión de las Tecnologías de la Información
tecnologias de la informacion,53,Informática,IACC,Ingenieria en Informatica,https://www.iacc.cl/carrera/ingenieria-en-informatica/?origen=google_ads_carreras&utm_campaign=39844489-_Search_CARRERA_ING_INFORMATICA&utm_source=ppc&utm_medium=google&utm_term=cpl&utm_content=ingenieria-en-informatica&utm_term=ingenier%C3%ADa%20en%20sistemas%20universidades&utm_campaign=IACC_Search_Carrera_Ingenieria_Inform%C3%A1tica&utm_source=adwords&utm_medium=ppc&hsa_acc=3643935547&hsa_cam=21457092417&hsa_grp=167767224914&hsa_ad=705590150535&hsa_src=g&hsa_tgt=kwd-589776510461&hsa_kw=ingenier%C3%ADa%20en%20sistemas%20universidades&hsa_mt=b&hsa_net=adwords&hsa_ver=3&gad_source=1&gad_campaignid=21457092417&gbraid=0AAAAAqi2tcnc4mlF6prfKC1hCFytIsM7a&gclid=CjwKCAjw46HPBhAMEiwASZpLRHfuoZDNIblNry7ovo2v8t2FkJLsAKlMxZYtNTqT4XptYu05OZwVSxoCjDsQAvD_BwE,,manejo de tecnologías de la información y comunicación
tecnologias de la informacion,56,Ejecución,Universidad Catolica del Maule,Ingenieria Ejecucion en Computacion e Informatica,https://files.griddo.ucm.cl/ingenieria-de-ejecucion-en-computacion-e-informatica.pdf,,planificar estrategias tecnológicas de solución y resolver problemas basándose en la aplicación del diseño de software y tecnologías de la información
tecnologias de la informacion,57,Ejecución,Universidad Católica de la Santísima Concepción,Ingenieria de Ejecucion en Informatica,https://advance.ucsc.cl/carreras/ingenieria-de-ejecucion-en-informatica/,ucsc_ejecucion_informatica,a para el desarrollo de software y tecnologías de la información
tecnologias de la informacion,58,Informática,IP Chile,Ingenieria en Informatica,https://www.ipchile.cl/carreras/ingenieria-en-informatica/,,estará capacitado para resolver problemas complejos utilizando tecnologías de la información y la comunicación
tecnologias de la informacion,64,Civil,Universidad San Sebastian,Ingeniería Civil Informática,https://admision.uss.cl/carreras/ingenieria-civil-informatica,,ingeniería y tecnologías de la información
