grado,termino,log2_ratio_prevalencia,documentos_grado,total_documentos_grado,documentos_resto,total_documentos_resto,prevalencia_grado,prevalencia_resto,instituciones_grado,grupos_apoyo_grado,ranking,expresion_original
Civil,tecnologias de la informacion,-0.27571966546490906,11,32,13,31,0.34375,0.41935483870967744,10,11,1,tecnologías de la información
Ejecución,tecnologias de la informacion,0.6787707159961914,3,5,21,58,0.6,0.3620689655172414,2,2,1,tecnologías de la información
Informática,tecnologias de la informacion,0.027376438931305033,10,26,14,37,0.38461538461538464,0.3783783783783784,10,10,1,tecnologías de la información
Civil,resolver problemas,0.09999578997672141,10,32,9,31,0.3125,0.2903225806451613,9,10,2,resolver problemas
Ejecución,resolver problemas,0.4903256265830811,2,5,17,58,0.4,0.29310344827586204,2,2,2,resolver problemas
Informática,resolver problemas,-0.24392558288608923,7,26,12,37,0.2692307692307692,0.32432432432432434,7,7,2,resolver problemas
Civil,responsabilidad social,0.2966427984766137,9,32,7,31,0.28125,0.22580645161290322,9,9,3,responsabilidad social
Ejecución,responsabilidad social,0.7616276484004754,2,5,14,58,0.4,0.2413793103448276,2,2,3,responsabilidad social
Informática,responsabilidad social,-0.5710903261395986,5,26,11,37,0.19230769230769232,0.2972972972972973,5,5,3,responsabilidad social
Civil,desarrollo de software,-1.8099288657214305,2,32,8,31,0.0625,0.25806451612903225,2,2,4,desarrollo de software
Ejecución,desarrollo de software,1.532145802277708,2,5,8,58,0.4,0.13793103448275862,1,1,4,desarrollo de software
Informática,desarrollo de software,1.0235547279788966,6,26,4,37,0.23076923076923078,0.10810810810810811,6,6,4,desarrollo de software
Civil,bases de datos,-1.6293566200796095,2,32,7,31,0.0625,0.22580645161290322,2,2,5,bases de datos
Ejecución,bases de datos,1.712718047919529,2,5,7,58,0.4,0.1206896551724138,1,1,5,bases de datos
Informática,bases de datos,0.7825466284751018,5,26,4,37,0.19230769230769232,0.10810810810810811,5,5,5,bases de datos
