fold_externo,modelo,fold_interno,f1_macro,smote_k
1,ComplementNB_SMOTE_alpha=0.1,1,0.3988095238095238,1.0
1,ComplementNB_SMOTE_alpha=0.1,2,0.7270955165692007,1.0
1,ComplementNB_SMOTE_alpha=0.1,3,0.39015151515151514,1.0
1,ComplementNB_SMOTE_alpha=0.5,1,0.4157509157509158,1.0
1,ComplementNB_SMOTE_alpha=0.5,2,0.5511695906432749,1.0
1,ComplementNB_SMOTE_alpha=0.5,3,0.5707070707070706,1.0
1,ComplementNB_SMOTE_alpha=1.0,1,0.4157509157509158,1.0
1,ComplementNB_SMOTE_alpha=1.0,2,0.5511695906432749,1.0
1,ComplementNB_SMOTE_alpha=1.0,3,0.4349206349206349,1.0
1,ComplementNB_sinSMOTE_alpha=0.1,1,0.3444444444444444,
1,ComplementNB_sinSMOTE_alpha=0.1,2,0.4456140350877193,
1,ComplementNB_sinSMOTE_alpha=0.1,3,0.375,
1,ComplementNB_sinSMOTE_alpha=0.5,1,0.38611111111111107,
1,ComplementNB_sinSMOTE_alpha=0.5,2,0.4456140350877193,
1,ComplementNB_sinSMOTE_alpha=0.5,3,0.404040404040404,
1,ComplementNB_sinSMOTE_alpha=1.0,1,0.4257703081232493,
1,ComplementNB_sinSMOTE_alpha=1.0,2,0.3814814814814815,
1,ComplementNB_sinSMOTE_alpha=1.0,3,0.404040404040404,
1,LogisticRegression_balanced_C=0.5,1,0.38611111111111107,
1,LogisticRegression_balanced_C=0.5,2,0.4456140350877193,
1,LogisticRegression_balanced_C=0.5,3,0.404040404040404,
1,LogisticRegression_balanced_C=1.0,1,0.38611111111111107,
1,LogisticRegression_balanced_C=1.0,2,0.4456140350877193,
1,LogisticRegression_balanced_C=1.0,3,0.404040404040404,
1,LogisticRegression_balanced_C=5.0,1,0.4257703081232493,
1,LogisticRegression_balanced_C=5.0,2,0.4456140350877193,
1,LogisticRegression_balanced_C=5.0,3,0.404040404040404,
1,LinearSVC_balanced_C=0.1,1,0.39057239057239057,
1,LinearSVC_balanced_C=0.1,2,0.3055555555555555,
1,LinearSVC_balanced_C=0.1,3,0.3814814814814815,
1,LinearSVC_balanced_C=0.5,1,0.4678362573099415,
1,LinearSVC_balanced_C=0.5,2,0.4456140350877193,
1,LinearSVC_balanced_C=0.5,3,0.34385964912280703,
1,LinearSVC_balanced_C=1.0,1,0.42735042735042733,
1,LinearSVC_balanced_C=1.0,2,0.4456140350877193,
1,LinearSVC_balanced_C=1.0,3,0.34385964912280703,
1,Ridge_balanced_alpha=0.5,1,0.4257703081232493,
1,Ridge_balanced_alpha=0.5,2,0.4456140350877193,
1,Ridge_balanced_alpha=0.5,3,0.404040404040404,
1,Ridge_balanced_alpha=1.0,1,0.4257703081232493,
1,Ridge_balanced_alpha=1.0,2,0.4456140350877193,
1,Ridge_balanced_alpha=1.0,3,0.404040404040404,
1,Ridge_balanced_alpha=2.0,1,0.38611111111111107,
1,Ridge_balanced_alpha=2.0,2,0.4456140350877193,
1,Ridge_balanced_alpha=2.0,3,0.404040404040404,
2,ComplementNB_SMOTE_alpha=0.1,1,0.37606837606837606,2.0
2,ComplementNB_SMOTE_alpha=0.1,2,0.3891402714932127,1.0
2,ComplementNB_SMOTE_alpha=0.1,3,0.43333333333333335,2.0
2,ComplementNB_SMOTE_alpha=0.5,1,0.3545454545454545,2.0
2,ComplementNB_SMOTE_alpha=0.5,2,0.34640522875817,1.0
2,ComplementNB_SMOTE_alpha=0.5,3,0.43333333333333335,2.0
2,ComplementNB_SMOTE_alpha=1.0,1,0.3545454545454545,2.0
2,ComplementNB_SMOTE_alpha=1.0,2,0.32592592592592595,1.0
2,ComplementNB_SMOTE_alpha=1.0,3,0.43333333333333335,2.0
2,ComplementNB_sinSMOTE_alpha=0.1,1,0.3545454545454545,
2,ComplementNB_sinSMOTE_alpha=0.1,2,0.39999999999999997,
2,ComplementNB_sinSMOTE_alpha=0.1,3,0.43333333333333335,
2,ComplementNB_sinSMOTE_alpha=0.5,1,0.3545454545454545,
2,ComplementNB_sinSMOTE_alpha=0.5,2,0.4259259259259259,
2,ComplementNB_sinSMOTE_alpha=0.5,3,0.48888888888888893,
2,ComplementNB_sinSMOTE_alpha=1.0,1,0.3545454545454545,
2,ComplementNB_sinSMOTE_alpha=1.0,2,0.4259259259259259,
2,ComplementNB_sinSMOTE_alpha=1.0,3,0.48888888888888893,
2,LogisticRegression_balanced_C=0.5,1,0.3545454545454545,
2,LogisticRegression_balanced_C=0.5,2,0.4796380090497738,
2,LogisticRegression_balanced_C=0.5,3,0.4456140350877193,
2,LogisticRegression_balanced_C=1.0,1,0.3545454545454545,
2,LogisticRegression_balanced_C=1.0,2,0.4796380090497738,
2,LogisticRegression_balanced_C=1.0,3,0.4456140350877193,
2,LogisticRegression_balanced_C=5.0,1,0.3545454545454545,
2,LogisticRegression_balanced_C=5.0,2,0.4259259259259259,
2,LogisticRegression_balanced_C=5.0,3,0.4456140350877193,
2,LinearSVC_balanced_C=0.1,1,0.39057239057239057,
2,LinearSVC_balanced_C=0.1,2,0.4000000000000001,
2,LinearSVC_balanced_C=0.1,3,0.48888888888888893,
2,LinearSVC_balanced_C=0.5,1,0.3545454545454545,
2,LinearSVC_balanced_C=0.5,2,0.3668261562998405,
2,LinearSVC_balanced_C=0.5,3,0.48888888888888893,
2,LinearSVC_balanced_C=1.0,1,0.3545454545454545,
2,LinearSVC_balanced_C=1.0,2,0.3891402714932127,
2,LinearSVC_balanced_C=1.0,3,0.4456140350877193,
2,Ridge_balanced_alpha=0.5,1,0.3545454545454545,
2,Ridge_balanced_alpha=0.5,2,0.3891402714932127,
2,Ridge_balanced_alpha=0.5,3,0.4456140350877193,
2,Ridge_balanced_alpha=1.0,1,0.3545454545454545,
2,Ridge_balanced_alpha=1.0,2,0.4796380090497738,
2,Ridge_balanced_alpha=1.0,3,0.4456140350877193,
2,Ridge_balanced_alpha=2.0,1,0.3545454545454545,
2,Ridge_balanced_alpha=2.0,2,0.4796380090497738,
2,Ridge_balanced_alpha=2.0,3,0.4456140350877193,
3,ComplementNB_SMOTE_alpha=0.1,1,0.6356837606837606,2.0
3,ComplementNB_SMOTE_alpha=0.1,2,0.5166666666666667,2.0
3,ComplementNB_SMOTE_alpha=0.1,3,0.2222222222222222,1.0
3,ComplementNB_SMOTE_alpha=0.5,1,0.4212121212121212,2.0
3,ComplementNB_SMOTE_alpha=0.5,2,0.5583333333333333,2.0
3,ComplementNB_SMOTE_alpha=0.5,3,0.2222222222222222,1.0
3,ComplementNB_SMOTE_alpha=1.0,1,0.4212121212121212,2.0
3,ComplementNB_SMOTE_alpha=1.0,2,0.5583333333333333,2.0
3,ComplementNB_SMOTE_alpha=1.0,3,0.2222222222222222,1.0
3,ComplementNB_sinSMOTE_alpha=0.1,1,0.5849673202614379,
3,ComplementNB_sinSMOTE_alpha=0.1,2,0.8642533936651584,
3,ComplementNB_sinSMOTE_alpha=0.1,3,0.2222222222222222,
3,ComplementNB_sinSMOTE_alpha=0.5,1,0.5849673202614379,
3,ComplementNB_sinSMOTE_alpha=0.5,2,0.5126050420168067,
3,ComplementNB_sinSMOTE_alpha=0.5,3,0.2318840579710145,
3,ComplementNB_sinSMOTE_alpha=1.0,1,0.5286195286195287,
3,ComplementNB_sinSMOTE_alpha=1.0,2,0.5126050420168067,
3,ComplementNB_sinSMOTE_alpha=1.0,3,0.2318840579710145,
3,LogisticRegression_balanced_C=0.5,1,0.3499245852187029,
3,LogisticRegression_balanced_C=0.5,2,0.5126050420168067,
3,LogisticRegression_balanced_C=0.5,3,0.24242424242424243,
3,LogisticRegression_balanced_C=1.0,1,0.3499245852187029,
3,LogisticRegression_balanced_C=1.0,2,0.5126050420168067,
3,LogisticRegression_balanced_C=1.0,3,0.24242424242424243,
3,LogisticRegression_balanced_C=5.0,1,0.33903133903133903,
3,LogisticRegression_balanced_C=5.0,2,0.5126050420168067,
3,LogisticRegression_balanced_C=5.0,3,0.24242424242424243,
3,LinearSVC_balanced_C=0.1,1,0.2966507177033493,
3,LinearSVC_balanced_C=0.1,2,0.4678362573099415,
3,LinearSVC_balanced_C=0.1,3,0.2222222222222222,
3,LinearSVC_balanced_C=0.5,1,0.35185185185185186,
3,LinearSVC_balanced_C=0.5,2,0.5126050420168067,
3,LinearSVC_balanced_C=0.5,3,0.2318840579710145,
3,LinearSVC_balanced_C=1.0,1,0.35185185185185186,
3,LinearSVC_balanced_C=1.0,2,0.5156695156695157,
3,LinearSVC_balanced_C=1.0,3,0.24242424242424243,
3,Ridge_balanced_alpha=0.5,1,0.5849673202614379,
3,Ridge_balanced_alpha=0.5,2,0.5126050420168067,
3,Ridge_balanced_alpha=0.5,3,0.24242424242424243,
3,Ridge_balanced_alpha=1.0,1,0.5849673202614379,
3,Ridge_balanced_alpha=1.0,2,0.5126050420168067,
3,Ridge_balanced_alpha=1.0,3,0.24242424242424243,
3,Ridge_balanced_alpha=2.0,1,0.35185185185185186,
3,Ridge_balanced_alpha=2.0,2,0.5126050420168067,
3,Ridge_balanced_alpha=2.0,3,0.24242424242424243,
4,ComplementNB_SMOTE_alpha=0.1,1,0.6797385620915032,2.0
4,ComplementNB_SMOTE_alpha=0.1,2,0.46438746438746437,2.0
4,ComplementNB_SMOTE_alpha=0.1,3,0.4012066365007542,1.0
4,ComplementNB_SMOTE_alpha=0.5,1,0.6262626262626262,2.0
4,ComplementNB_SMOTE_alpha=0.5,2,0.46438746438746437,2.0
4,ComplementNB_SMOTE_alpha=0.5,3,0.37789661319073087,1.0
4,ComplementNB_SMOTE_alpha=1.0,1,0.6262626262626262,2.0
4,ComplementNB_SMOTE_alpha=1.0,2,0.5029239766081871,2.0
4,ComplementNB_SMOTE_alpha=1.0,3,0.39015151515151514,1.0
4,ComplementNB_sinSMOTE_alpha=0.1,1,0.6797385620915032,
4,ComplementNB_sinSMOTE_alpha=0.1,2,0.46438746438746437,
4,ComplementNB_sinSMOTE_alpha=0.1,3,0.4012066365007542,
4,ComplementNB_sinSMOTE_alpha=0.5,1,0.3923444976076555,
4,ComplementNB_sinSMOTE_alpha=0.5,2,0.5029239766081871,
4,ComplementNB_sinSMOTE_alpha=0.5,3,0.36274509803921573,
4,ComplementNB_sinSMOTE_alpha=1.0,1,0.3923444976076555,
4,ComplementNB_sinSMOTE_alpha=1.0,2,0.5029239766081871,
4,ComplementNB_sinSMOTE_alpha=1.0,3,0.36274509803921573,
4,LogisticRegression_balanced_C=0.5,1,0.3923444976076555,
4,LogisticRegression_balanced_C=0.5,2,0.5029239766081871,
4,LogisticRegression_balanced_C=0.5,3,0.44642857142857145,
4,LogisticRegression_balanced_C=1.0,1,0.3923444976076555,
4,LogisticRegression_balanced_C=1.0,2,0.5029239766081871,
4,LogisticRegression_balanced_C=1.0,3,0.44642857142857145,
4,LogisticRegression_balanced_C=5.0,1,0.49170437405731526,
4,LogisticRegression_balanced_C=5.0,2,0.5029239766081871,
4,LogisticRegression_balanced_C=5.0,3,0.39999999999999997,
4,LinearSVC_balanced_C=0.1,1,0.3923444976076555,
4,LinearSVC_balanced_C=0.1,2,0.4484848484848485,
4,LinearSVC_balanced_C=0.1,3,0.4012066365007542,
4,LinearSVC_balanced_C=0.5,1,0.4444444444444444,
4,LinearSVC_balanced_C=0.5,2,0.5029239766081871,
4,LinearSVC_balanced_C=0.5,3,0.44642857142857145,
4,LinearSVC_balanced_C=1.0,1,0.49170437405731526,
4,LinearSVC_balanced_C=1.0,2,0.5029239766081871,
4,LinearSVC_balanced_C=1.0,3,0.39999999999999997,
4,Ridge_balanced_alpha=0.5,1,0.49170437405731526,
4,Ridge_balanced_alpha=0.5,2,0.5029239766081871,
4,Ridge_balanced_alpha=0.5,3,0.39999999999999997,
4,Ridge_balanced_alpha=1.0,1,0.4444444444444444,
4,Ridge_balanced_alpha=1.0,2,0.5029239766081871,
4,Ridge_balanced_alpha=1.0,3,0.39999999999999997,
4,Ridge_balanced_alpha=2.0,1,0.4444444444444444,
4,Ridge_balanced_alpha=2.0,2,0.5029239766081871,
4,Ridge_balanced_alpha=2.0,3,0.39999999999999997,
