fila_datos,grupo_cv,grado,criterio,indice_fuente,universidad,carrera,url,Fold,grado_real,grado_predicho,correcto
1,grupo_001,Ejecución,perfil individual,1,Universidad de Santiago de Chile,Ingeniería de Ejecución en Computación e Informática,https://admision.usach.cl/carreras/ingenieria-de-ejecucion-en-computacion-e-informatica,2,Ejecución,Ejecución,True
2,grupo_002,Civil,perfil individual,2,Universidad de Santiago de Chile,Ingeniería Civil en Informática,https://admision.usach.cl/carreras/ingenieria-civil-en-informatica-plan-comun,2,Civil,Civil,True
3,grupo_003,Informática,perfil individual,3,Universidad de Valparaíso,Ingeniería en Informática,https://admision.uv.cl/carreras/ingenieria-en-informatica,1,Informática,Ejecución,False
4,grupo_004,Civil,perfil individual,4,Universidad de Valparaíso,Ingeniería Civil en Informática,https://admision.uv.cl/carreras/ingenieria-civil-informatica,3,Civil,Informática,False
5,grupo_005,Civil,perfil individual,5,Universidad de Chile,Ingeniería Civil en Computación,https://admisionuchile.cl/career/ingenieria-civil-en-computacion/,4,Civil,Informática,False
6,grupo_006,Civil,perfil individual,6,Universidad de Atacama,Ingeniería Civil en Computación e Informática,https://admision.uda.cl/index.php/ingenieria-civil-en-computacion-e-informatica/,4,Civil,Civil,True
7,grupo_007,Civil,perfil individual,7,Universidad de la Serena,Ingeniería Civil en Computación e Informática,https://admision.userena.cl/carreras/ingenieria-civil-en-computacion-e-informatica,2,Civil,Civil,True
8,grupo_008,Civil,perfil individual,8,Universidad de Talca,Ingeniería Civil en Computación,https://admision.utalca.cl/carreras/ingenieria-civil-en-computacion/,4,Civil,Civil,True
9,grupo_009,Informática,perfil individual,9,Universidad de Talca,Ingeniería en Informática Empresarial,https://admision.utalca.cl/carreras/ingenieria-en-informatica-empresarial/,1,Informática,Civil,False
10,grupo_010,Civil,perfil individual,10,Universidad del Biobío,Ingeniería Civil en Informática,https://ubiobio.cl/admision/Todas_las_Carreras/17/Ingenieria_Civil_en_Informatica_Concepcion/,3,Civil,Civil,True
11,grupo_011,Ejecución,perfil individual,11,Universidad del Biobío,Ingenieria de Ejecución en Computación e Informática,https://ubiobio.cl/admision/Ciencias_Empresariales/21/Ingenieria_de_Ejecucion_en_Computacion_e_Informatica/,4,Ejecución,Civil,False
12,grupo_012,Informática,perfil individual,12,Universidad de la Frontera,Ingenieria Informática,https://admision.ufro.cl/ingenieria-informatica/,4,Informática,Civil,False
13,grupo_013,Civil,perfil individual,13,Universidad de la Frontera,Ingenieria Civil Informatica,https://admision.ufro.cl/ingenieria-civil-informatica/,2,Civil,Civil,True
14,grupo_014,Civil,perfil individual,14,Universidad de los Lagos,Ingenieria Civil en Informatica,https://admision.ulagos.cl/Carreras/ingenieria-civil-en-informatica/,2,Civil,Civil,True
15,grupo_015,Informática,perfil individual,15,Universidad de Magallanes,Ingenieria en Computacion e Informatica,https://admision.umag.cl/?page_id=35,2,Informática,Civil,False
16,grupo_016,Civil,perfil individual,16,Universidad de Magallanes,Ingenieria Civil en Computacion e Informatica,https://admision.umag.cl/?page_id=27,2,Civil,Civil,True
17,grupo_017,Informática,perfil individual,17,Universidad Tecnologica Metropolitana,Ingenieria en Informatica,https://conocetucarrera.utem.cl/ingenieria-en-informatica/,4,Informática,Civil,False
18,grupo_018,Civil,perfil individual,18,Universidad Tecnologica Metropolitana,Ingenieria Civil en Computacion mencion Informatica,https://conocetucarrera.utem.cl/ingenieria-civil-en-computacion-mencion-informatica/,1,Civil,Civil,True
19,grupo_019,Civil,perfil individual,19,Universidad de Ohiggins,Ingenieria Civil en Computacion,https://www.uoh.cl/escuela-de-ingenieria/carreras/ingenieria-civil-en-computacion/,1,Civil,Civil,True
20,grupo_020,Informática,perfil individual,20,Universidad de Bernardo Ohiggins,Ingenieria Informatica,https://www.ubo.cl/facultades/facultad-de-ingenieria-ciencia-y-tecnologia/ingenieria-en-informatica/,2,Informática,Civil,False
21,grupo_021,Civil,perfil individual,21,Universidad de Aysen,Ingenieria Civil Informatica,https://uaysen.cl/departamentos/ciencias-naturales-y-tecnologia/ingenieria-civil-informatica/,3,Civil,Civil,True
22,grupo_022,Informática,perfil individual,22,Pontificia Universidad Catolica de Valparaiso,Ingenieria en Informatica,https://www.pucv.cl/pucv/pregrado/ingenieria-en-informatica,4,Informática,Civil,False
23,grupo_023,Civil,perfil individual,23,Universidad de Concepcion,Ingenieria Civil Informatica,https://admision.udec.cl/ingenieria-civil-informatica/,3,Civil,Civil,True
24,grupo_024,Civil,perfil individual,24,Universidad Tecnica Federico Santa Maria,Ingenieria Civil Informatica,https://usm.cl/admision/carreras/ingenieria-civil-informatica/,1,Civil,Civil,True
25,grupo_025,Informática,perfil individual,25,Universidad Tecnica Federico Santa Maria,Ingenieria Informatica,https://usm.cl/admision/carreras/ingenieria-en-informatica/,4,Informática,Civil,False
26,grupo_026,Informática,perfil individual,26,Universidad Catolica del Norte,Ingenieria en Computacion e Informatica,https://admision.ucn.cl/carreras/tecnologia-computacion/ingenieria-en-computacion-e-informatica/,2,Informática,Civil,False
27,grupo_027,Civil,perfil individual,27,Universidad Catolica del Norte,Ingenieria Civil en Computacion e Informatica,https://admision.ucn.cl/carreras/tecnologia-computacion/ingenieria-civil-en-computacion-e-informatica/,2,Civil,Civil,True
28,grupo_028,Civil,perfil individual,28,Universidad de la Santisima Concepcion,Ingenieria Civil Informatica,https://ingenieria.ucsc.cl/carreras/ingenieria-civil-informatica/,2,Civil,Ejecución,False
29,grupo_029,Ejecución,grupo:ucsc_ejecucion_informatica,29,Universidad de la Santisima Concepcion,Ingenieria de Ejecucion en Informatica,https://it.ucsc.cl/carreras/ingenieria-de-ejecucion-en-informatica/,1,Ejecución,Civil,False
30,grupo_030,Civil,perfil individual,30,Universidad Catolica de Temuco,Ingenieria Civil en Informatica,https://admision.uct.cl/ing-civil-informatica/,1,Civil,Civil,True
31,grupo_031,Informática,perfil individual,31,Universidad de las Américas,Ingenieria en Informatica,https://ingenieria.udla.cl/carreras/ingenieria-en-informatica/,2,Informática,Civil,False
32,grupo_032,Informática,perfil individual,32,Universidad Andres Bello,Ingenieria en Computacion e Informatica,https://admision.unab.cl/carreras/ingenieria-en-computacion-e-informatica/,4,Informática,Informática,True
33,grupo_033,Civil,perfil individual,33,Universidad Autonoma de Chile,Ingenieria Civil Informatica,https://admision.uautonoma.cl/carreras/ingenieria-civil-informatica/,1,Civil,Civil,True
34,grupo_034,Informática,perfil individual,34,Universidad Autonoma de Chile,Ingenieria en Informatica,https://admision.uautonoma.cl/carreras/ingenieria-en-informatica-online-regular/,1,Informática,Informática,True
35,grupo_035,Civil,perfil individual,35,Universidad Central de Chile,Ingenieria Civil en Computacion e Informatica,https://admision.ucentral.cl/carrera/ingenieria-civil-en-computacion-e-informatica/,4,Civil,Civil,True
36,grupo_036,Informática,perfil individual,36,Universidad Central de Chile,Ingenieria en Informatica y Sistemas Inteligentes,https://advance.ucentral.cl/programas/ingenieria-en-informatica-y-sistemas-inteligentes/,1,Informática,Informática,True
37,grupo_037,Informática,perfil individual,37,Universidad Mayor,Ingenieria en Informatica,https://advance.umayor.cl/educacion-online/ingenieria-informatica-plan-regular?utm_source=google&utm_medium=cpa&utm_campaign=SNB_AD_00807156_ON_20267&utm_content=RSA1_ex&utm_term=&gad_source=1&gad_campaignid=23076000607&gbraid=0AAAAADtiOMI1iMfo5ZY2WadRR71Q1zVIJ&gclid=CjwKCAjwhqfPBhBWEiwAZo196q-QOm6zr2L98M0Gp4yAELJa9zXl4ci5MQzLJJrfvV5vChRPKrEUeBoCY6wQAvD_BwE,3,Informática,Informática,True
38,grupo_038,Civil,perfil individual,38,Universidad Mayor,Ingenieria Civil en Computacion e Informatica,https://www.umayor.cl/um/carreras/ingenieria-civil-en-computacion-e-informatica-santiago,1,Civil,Informática,False
39,grupo_039,Civil,perfil individual,39,Universidad Diego Portales,Ingenieria Civil en Informatica y Telecomunicaciones,https://admision.udp.cl/carrera/ingenieria-civil-en-informatica-y-telecomunicaciones/,4,Civil,Civil,True
40,grupo_040,Informática,perfil individual,40,Universidad Diego Portales,Ingenieria en Informatica y Gestion,https://admision.udp.cl/carrera/ingenieria-en-informatica-y-gestion/,2,Informática,Informática,True
41,grupo_041,Civil,perfil individual,41,Universidad Adolfo Ibanez,Ingenieria Civil Informatica,https://www.uai.cl/admision/carreras/ingenieria-civil-informatica,3,Civil,Civil,True
42,grupo_042,Civil,perfil individual,42,Universidad del Desarrollo,Ingenieria Civil en Informatica e Innovacion Tecnologica,https://ingenieria.udd.cl/carrera/ingenieria-civil-en-informatica-e-innovacion-tecnologica/perfil-del-alumno/,4,Civil,Civil,True
43,grupo_043,Civil,perfil individual,43,Universidad del Desarrollo,Ingenieria Civil en Informatica e Inteligencia Artificial,https://ingenieria.udd.cl/carrera/ingenieria-civil-en-informatica-e-inteligencia-artificial/malla/,3,Civil,Civil,True
44,grupo_044,Civil,perfil individual,44,Universidad Finis Terrae,Ingenieria Civil en Informatica y Telecomunicaciones,https://admision.finis.cl/carrera/ingenieria-civil-informatica-y-telecomunicaciones/,3,Civil,Civil,True
45,grupo_045,Civil,perfil individual,45,Universidad Alberto Hurtado,Ingenieria Civil en Informatica,https://admision.uahurtado.cl/carreras/ingenieria-civil-plan-comun-informatica/,4,Civil,Civil,True
46,grupo_046,Civil,perfil individual,46,Universidad de los Andes,Ingenieria Civil en Ciencias de la Computacion,https://admision.uandes.cl/carreras/area-ingenieria-y-administracion/ingenieria-civil-en-ciencias-de-la-computacion,1,Civil,Informática,False
47,grupo_047,Civil,perfil individual,47,Universidad Gabriela Mistral,Ingenieria Civil en Informatica,https://admision.ugm.cl/carreras/ingenieria-civil-informatica/,3,Civil,Civil,True
48,grupo_048,Informática,perfil individual,48,INACAP,Ingenieria en Informatica,https://portal.inacap.cl/carreras/area-informatica-ciberseguridad-y-telecomunicaciones/ingenieria-en-informatica,3,Informática,Informática,True
49,grupo_049,Informática,perfil individual,49,Duoc UC,Ingenieria en Informatica,https://www.duoc.cl/carreras/ingenieria-en-informatica/,1,Informática,Informática,True
50,grupo_050,Informática,perfil individual,50,AIEP,Ingenieria en Informatica,https://www.aiep.cl/admision/carrera/ingenieria-en-informatica/,1,Informática,Informática,True
51,grupo_051,Informática,perfil individual,51,Santo Tomas,Ingenieria en Informatica,https://www.tupuedes.cl/carreras/instituto-profesional/ingenieria-en-informatica/,1,Informática,Informática,True
52,grupo_052,Informática,perfil individual,52,IACC,Ingenieria en Informatica,https://www.iacc.cl/carrera/ingenieria-en-informatica/?origen=google_ads_carreras&utm_campaign=39844489-_Search_CARRERA_ING_INFORMATICA&utm_source=ppc&utm_medium=google&utm_term=cpl&utm_content=ingenieria-en-informatica&utm_term=ingenier%C3%ADa%20en%20sistemas%20universidades&utm_campaign=IACC_Search_Carrera_Ingenieria_Inform%C3%A1tica&utm_source=adwords&utm_medium=ppc&hsa_acc=3643935547&hsa_cam=21457092417&hsa_grp=167767224914&hsa_ad=705590150535&hsa_src=g&hsa_tgt=kwd-589776510461&hsa_kw=ingenier%C3%ADa%20en%20sistemas%20universidades&hsa_mt=b&hsa_net=adwords&hsa_ver=3&gad_source=1&gad_campaignid=21457092417&gbraid=0AAAAAqi2tcnc4mlF6prfKC1hCFytIsM7a&gclid=CjwKCAjw46HPBhAMEiwASZpLRHfuoZDNIblNry7ovo2v8t2FkJLsAKlMxZYtNTqT4XptYu05OZwVSxoCjDsQAvD_BwE,3,Informática,Informática,True
53,grupo_053,Informática,perfil individual,53,Iplacex,Ingenieria en Informatica,https://www.iplacex.cl/carreras/carreras-100-online/ingenieria-en-informatica/,2,Informática,Informática,True
54,grupo_054,Informática,perfil individual,54,IP Los Leones,Ingenieria en Informatica y Ciberseguridad,https://ipleones.cl/carreras/ingenieria-en-informatica-y-ciberseguridad/,3,Informática,Informática,True
55,grupo_055,Ejecución,perfil individual,55,Universidad Catolica del Maule,Ingenieria Ejecucion en Computacion e Informatica,https://files.griddo.ucm.cl/ingenieria-de-ejecucion-en-computacion-e-informatica.pdf,3,Ejecución,Informática,False
56,grupo_029,Ejecución,grupo:ucsc_ejecucion_informatica,56,Universidad Catolica de la Santisima Concepción,Ingenieria de Ejecucion en Informatica,https://advance.ucsc.cl/carreras/ingenieria-de-ejecucion-en-informatica/,1,Ejecución,Civil,False
57,grupo_056,Informática,perfil individual,57,IP Chile,Ingenieria en Informatica,https://www.ipchile.cl/carreras/ingenieria-en-informatica/,4,Informática,Civil,False
58,grupo_057,Civil,perfil individual,58,Universidad Austral de Chile,Ingenieria Civil en Informatica,https://www.uach.cl/admision/valdivia/ingenieria-civil-en-informatica,4,Civil,Informática,False
59,grupo_058,Informática,perfil individual,59,Instituto profesional Virginio Gomez,Ingenieria en Informatica,https://admision.virginiogomez.cl/carreras/ingenieria-en-informatica/,3,Informática,Informática,True
60,grupo_059,Civil,perfil individual,60,Universidad de Playa Ancha,Ingenieria Civil en Informatica,https://www.upla.cl/admision/carreras-profesionales/facultad-de-ingenieria/ingenieria-civil-informatica/,1,Civil,Civil,True
61,grupo_060,Informática,perfil individual,61,Universidad de Los Lagos,Ingeniería en Informática para Técnicos de Nivel Superior,https://admision.ulagos.cl/sin-licenciatura/ingenieria-en-informatica-para-tecnicos-de-nivel-superior/,3,Informática,Civil,False
62,grupo_061,Informática,perfil individual,62,Universidad Gabriela Mistral,Ingenieria en Computacion e Informatica,https://advance.ugm.cl/carrera/ingenieria-en-computacion/,2,Informática,Civil,False
63,grupo_062,Civil,perfil individual,63,Universidad San Sebastian,Ingeniería Civil Informática,https://admision.uss.cl/carreras/ingenieria-civil-informatica,2,Civil,Ejecución,False
