Fold,feature,idf
1,000,3.751535313041949
1,10,2.904237452654745
1,2026,3.463853240590168
1,25,3.751535313041949
1,académico,3.2407096892759584
1,acciones,3.2407096892759584
1,acreditación,3.751535313041949
1,actitud,3.0583881324820035
1,actualización,3.0583881324820035
1,adaptarse,2.904237452654745
1,además,2.0169342576538423
1,administrar,3.0583881324820035
1,admisión,3.463853240590168
1,alto,3.0583881324820035
1,ambiental,2.904237452654745
1,ambiente,3.0583881324820035
1,amplio,3.2407096892759584
1,analizar,2.547562508716013
1,analítica,3.2407096892759584
1,anual,3.751535313041949
1,análisis,2.6529230243738393
1,análisis datos,3.0583881324820035
1,aplica,3.2407096892759584
1,aplicaciones,2.904237452654745
1,aplicación,2.6529230243738393
1,aplicada,2.7707060600302227
1,aplicando,2.7707060600302227
1,aplicar,2.3652409519220585
1,aprendizaje,2.2110902720948
1,arancel,3.751535313041949
1,arancel anual,3.751535313041949
1,aranceles,3.751535313041949
1,artificial,2.285198244248522
1,as,3.463853240590168
1,asimismo,3.0583881324820035
1,asociados,3.0583881324820035
1,así,2.3652409519220585
1,autoaprendizaje,3.2407096892759584
1,año,3.0583881324820035
1,años,3.751535313041949
1,basadas,3.463853240590168
1,base,2.547562508716013
1,bases,2.904237452654745
1,bases datos,3.0583881324820035
1,bien,2.904237452654745
1,bien común,3.0583881324820035
1,buenas,3.463853240590168
1,buenas prácticas,3.463853240590168
1,básicas,2.0775588794702773
1,básicas ciencias,2.7707060600302227
1,básicas ingeniería,3.0583881324820035
1,calidad,2.0169342576538423
1,calidad seguridad,3.463853240590168
1,campo,2.904237452654745
1,campus,3.463853240590168
1,capaces,2.547562508716013
1,capacidad,1.714653385780909
1,capacidad trabajar,3.0583881324820035
1,capacidades,2.904237452654745
1,capacitado,2.7707060600302227
1,capaz,2.0169342576538423
1,capaz concebir,3.463853240590168
1,carrera,1.672093771362113
1,carrera universidad,2.7707060600302227
1,carreras,3.463853240590168
1,católica,2.904237452654745
1,ciberseguridad,3.2407096892759584
1,ciencia,2.6529230243738393
1,ciencia datos,3.0583881324820035
1,ciencias,1.672093771362113
1,ciencias básicas,2.0775588794702773
1,ciencias ingeniería,2.4522523289116878
1,civil,2.6529230243738393
1,civil computación,3.0583881324820035
1,competencias,1.9057086225436182
1,competencias genéricas,3.0583881324820035
1,complejos,2.4522523289116878
1,compromiso,2.285198244248522
1,compromiso ético,3.2407096892759584
1,computacionales,2.547562508716013
1,computación,2.0169342576538423
1,computación informática,2.3652409519220585
1,comunicaciones,2.547562508716013
1,comunicación,1.8056251639866356
1,comunicación efectiva,2.6529230243738393
1,comunicarse,2.904237452654745
1,común,2.7707060600302227
1,concebir,3.0583881324820035
1,concebir diseñar,3.2407096892759584
1,conocimiento,2.7707060600302227
1,conocimientos,1.6312717768418579
1,considerando,2.4522523289116878
1,constante,2.904237452654745
1,construir,3.0583881324820035
1,consultor,3.0583881324820035
1,contexto,2.285198244248522
1,contexto global,3.463853240590168
1,contextos,2.3652409519220585
1,continua,3.0583881324820035
1,continuo,3.0583881324820035
1,contribuir,3.0583881324820035
1,contribuyendo,3.0583881324820035
1,creación,3.2407096892759584
1,crear,3.0583881324820035
1,criterios,2.904237452654745
1,crítico,2.7707060600302227
1,cuenta,2.7707060600302227
1,curricular,3.463853240590168
1,datos,1.672093771362113
1,decisiones,2.285198244248522
1,desafíos,2.6529230243738393
1,desarrolla,2.904237452654745
1,desarrollar,1.959775843813894
1,desarrollar soluciones,3.0583881324820035
1,desarrollo,1.5543107357057295
1,desarrollo sostenible,3.0583881324820035
1,desempeñarse,2.3652409519220585
1,desempeño,2.6529230243738393
1,diferentes,3.2407096892759584
1,digital,2.904237452654745
1,digitales,2.7707060600302227
1,dirección,3.463853240590168
1,disciplina,2.6529230243738393
1,disciplinar,3.2407096892759584
1,diseñar,1.9057086225436182
1,diseñar desarrollar,3.0583881324820035
1,diseñar implementar,2.4522523289116878
1,diseño,2.3652409519220585
1,distintas,2.904237452654745
1,distintos,2.904237452654745
1,diversa,3.2407096892759584
1,diversas,2.904237452654745
1,diversidad,2.904237452654745
1,diversos,2.7707060600302227
1,docente,3.463853240590168
1,duración,3.0583881324820035
1,económico,3.0583881324820035
1,educación,3.2407096892759584
1,educación superior,3.751535313041949
1,efectiva,2.3652409519220585
1,eficiencia,2.547562508716013
1,eficiente,3.0583881324820035
1,eficientes,3.0583881324820035
1,egresado,2.547562508716013
1,egreso,2.285198244248522
1,ejercicio,2.904237452654745
1,ello,3.0583881324820035
1,emergentes,3.0583881324820035
1,emprender,3.0583881324820035
1,emprendimiento,2.6529230243738393
1,empresarial,3.463853240590168
1,empresariales,3.751535313041949
1,empresas,2.4522523289116878
1,enfoque,2.7707060600302227
1,entorno,2.547562508716013
1,equipo,2.6529230243738393
1,equipos,1.672093771362113
1,equipos multidisciplinarios,2.547562508716013
1,equipos trabajo,2.3652409519220585
1,especialidad,2.904237452654745
1,estrategias,3.0583881324820035
1,estudiantes,3.463853240590168
1,estudios,2.904237452654745
1,está,3.2407096892759584
1,estándares,2.6529230243738393
1,estándares calidad,3.463853240590168
1,evaluación,3.0583881324820035
1,evaluar,2.6529230243738393
1,evaluar gestionar,3.463853240590168
1,evolución,2.7707060600302227
1,experiencia,3.463853240590168
1,fin,2.904237452654745
1,forma,1.959775843813894
1,formación,1.672093771362113
1,formación ciencias,2.904237452654745
1,formar,2.904237452654745
1,formativo,3.2407096892759584
1,generación,3.0583881324820035
1,generar,2.904237452654745
1,genéricas,3.0583881324820035
1,gestiona,3.463853240590168
1,gestionar,2.0169342576538423
1,gestionar proyectos,3.0583881324820035
1,gestión,1.672093771362113
1,gestión información,3.463853240590168
1,gestión proyectos,2.547562508716013
1,global,2.904237452654745
1,habilidades,2.2110902720948
1,hardware,2.7707060600302227
1,herramientas,2.142097400607849
1,herramientas tecnológicas,3.2407096892759584
1,identificar,2.904237452654745
1,idioma,2.7707060600302227
1,idioma inglés,2.7707060600302227
1,impacto,2.904237452654745
1,implementa,3.463853240590168
1,implementación,2.547562508716013
1,implementar,1.959775843813894
1,implementar operar,3.0583881324820035
1,implementar soluciones,2.904237452654745
1,industria,2.7707060600302227
1,información,1.2666286632539485
1,información comunicaciones,2.7707060600302227
1,información comunicación,2.6529230243738393
1,informática,1.4828517717235845
1,informática universidad,2.547562508716013
1,informáticas,2.3652409519220585
1,informático,3.0583881324820035
1,informáticos,1.714653385780909
1,ingeniero,1.714653385780909
1,ingeniero civil,2.6529230243738393
1,ingenieros,3.0583881324820035
1,ingeniería,1.4161603972249124
1,ingeniería software,2.285198244248522
1,inglés,2.547562508716013
1,innovación,1.8056251639866356
1,innovación tecnológica,3.0583881324820035
1,innovador,3.463853240590168
1,innovadoras,2.547562508716013
1,instituciones,3.2407096892759584
1,instituto,3.2407096892759584
1,instituto profesional,3.2407096892759584
1,integración,2.904237452654745
1,integral,2.285198244248522
1,integrar,2.547562508716013
1,inteligencia,2.2110902720948
1,inteligencia artificial,2.285198244248522
1,interdisciplinarios,2.904237452654745
1,internacionales,3.463853240590168
1,investigación,2.904237452654745
1,jefe,2.904237452654745
1,junto,2.904237452654745
1,laboral,3.0583881324820035
1,legal,3.463853240590168
1,legal vigente,3.463853240590168
1,liderando,3.463853240590168
1,liderar,2.7707060600302227
1,liderar equipos,2.904237452654745
1,liderazgo,2.285198244248522
1,malla,3.2407096892759584
1,manejo,3.0583881324820035
1,manera,2.2110902720948
1,mantención,3.2407096892759584
1,mediante,2.6529230243738393
1,medio,2.7707060600302227
1,medio ambiente,3.0583881324820035
1,mejora,3.0583881324820035
1,metodologías,2.7707060600302227
1,modelos,3.0583881324820035
1,multidisciplinarios,2.0775588794702773
1,mundo,2.4522523289116878
1,nacional,2.904237452654745
1,necesidades,2.0775588794702773
1,negocio,3.0583881324820035
1,negocios,2.6529230243738393
1,nivel,2.7707060600302227
1,normativa,3.2407096892759584
1,normativa legal,3.463853240590168
1,nuevas,2.904237452654745
1,nuevos,3.0583881324820035
1,objetivos,3.0583881324820035
1,operación,3.0583881324820035
1,operar,2.904237452654745
1,oportunidades,2.904237452654745
1,organizacional,3.2407096892759584
1,organizacionales,2.6529230243738393
1,organizaciones,1.8544153281560676
1,organización,2.3652409519220585
1,partir,3.2407096892759584
1,país,2.7707060600302227
1,pensamiento,2.904237452654745
1,pensamiento crítico,3.2407096892759584
1,perfil,2.0169342576538423
1,perfil egreso,2.3652409519220585
1,permanente,2.4522523289116878
1,permitan,2.6529230243738393
1,permite,2.142097400607849
1,personas,2.3652409519220585
1,plan,3.0583881324820035
1,planificación,3.2407096892759584
1,planificar,2.7707060600302227
1,plataformas,2.904237452654745
1,podrá,3.2407096892759584
1,posee,2.0775588794702773
1,principios,2.6529230243738393
1,privadas,3.0583881324820035
1,privado,2.904237452654745
1,problemas,1.7591051483517428
1,problemas complejos,2.7707060600302227
1,problemáticas,2.904237452654745
1,procesos,1.8544153281560676
1,productivo,3.2407096892759584
1,productos,2.3652409519220585
1,profesional,1.2666286632539485
1,profesional capaz,3.0583881324820035
1,profesional ingeniero,3.463853240590168
1,profesional integral,3.0583881324820035
1,profesionales,1.959775843813894
1,profesionales capaces,3.2407096892759584
1,profesión,3.0583881324820035
1,programa,2.3652409519220585
1,propios,2.904237452654745
1,proyectos,1.2666286632539485
1,proyectos informáticos,2.4522523289116878
1,proyectos tecnologías,3.2407096892759584
1,proyectos tecnológicos,2.904237452654745
1,prácticas,3.0583881324820035
1,puede,2.904237452654745
1,puede desempeñarse,3.2407096892759584
1,públicas,3.0583881324820035
1,públicas privadas,3.0583881324820035
1,público,3.0583881324820035
1,quehacer,2.7707060600302227
1,quehacer profesional,3.0583881324820035
1,reconoce,3.2407096892759584
1,recursos,2.4522523289116878
1,redes,2.547562508716013
1,región,3.0583881324820035
1,requerimientos,3.0583881324820035
1,resolución,3.0583881324820035
1,resolución problemas,3.2407096892759584
1,resolver,1.9057086225436182
1,resolver problemas,2.142097400607849
1,respeto,3.0583881324820035
1,responsabilidad,2.0169342576538423
1,responsabilidad social,2.285198244248522
1,responsable,2.904237452654745
1,riesgos,3.0583881324820035
1,rol,3.463853240590168
1,santiago,3.0583881324820035
1,sector,2.6529230243738393
1,sector público,3.2407096892759584
1,sede,3.463853240590168
1,seguridad,2.2110902720948
1,según,3.0583881324820035
1,sello,2.904237452654745
1,semestres,3.0583881324820035
1,sentido,2.6529230243738393
1,servicios,2.142097400607849
1,siendo,2.904237452654745
1,siendo capaz,3.0583881324820035
1,sistemas,1.3844116989103321
1,sistemas computacionales,3.0583881324820035
1,sistemas información,2.285198244248522
1,sistemas informáticos,2.3652409519220585
1,social,1.672093771362113
1,sociales,2.904237452654745
1,sociedad,2.547562508716013
1,software,1.4828517717235845
1,soluciones,1.4828517717235845
1,soluciones informáticas,2.7707060600302227
1,soluciones innovadoras,3.0583881324820035
1,soluciones tecnológicas,2.547562508716013
1,sostenible,2.547562508716013
1,superior,3.463853240590168
1,sustentable,3.0583881324820035
1,sólida,2.3652409519220585
1,sólida formación,2.4522523289116878
1,sólidos,3.0583881324820035
1,tecnología,2.6529230243738393
1,tecnologías,1.2666286632539485
1,tecnologías información,1.5179430915348546
1,tecnológica,2.285198244248522
1,tecnológicas,2.2110902720948
1,tecnológico,2.904237452654745
1,tecnológicos,2.142097400607849
1,telecomunicaciones,3.2407096892759584
1,tic,2.6529230243738393
1,toma,2.6529230243738393
1,toma decisiones,2.6529230243738393
1,trabajar,2.6529230243738393
1,trabajo,1.6312717768418579
1,trabajo equipo,2.904237452654745
1,transformación,2.4522523289116878
1,transformación digital,2.904237452654745
1,través,2.142097400607849
1,trayectoria,3.0583881324820035
1,técnicas,2.7707060600302227
1,técnico,3.463853240590168
1,técnicos,2.904237452654745
1,título,3.0583881324820035
1,título profesional,3.2407096892759584
1,universidad,1.5179430915348546
1,universidad católica,2.904237452654745
1,uso,2.3652409519220585
1,utilizando,3.0583881324820035
1,utilizando herramientas,3.463853240590168
1,valor,2.3652409519220585
1,vanguardia,3.463853240590168
1,vida,2.904237452654745
1,vigente,3.2407096892759584
1,visión,2.547562508716013
1,ámbito,2.3652409519220585
1,ámbitos,3.0583881324820035
1,área,2.547562508716013
1,áreas,2.3652409519220585
1,énfasis,3.463853240590168
1,ética,2.142097400607849
1,ético,2.6529230243738393
1,éticos,2.7707060600302227
2,000,3.4849066497880004
2,000 arancel,3.772588722239781
2,10,3.0794415416798357
2,2026,3.4849066497880004
2,25,3.4849066497880004
2,académico,3.0794415416798357
2,acuerdo,2.9252908618525773
2,además,2.386294361119891
2,admisión,3.4849066497880004
2,alto,2.9252908618525773
2,ambientes,3.2617630984737906
2,analista,3.4849066497880004
2,analizar,2.5686159179138452
2,analítica,2.9252908618525773
2,anual,3.772588722239781
2,análisis,2.791759469228055
2,aplicaciones,3.0794415416798357
2,aplicación,3.2617630984737906
2,aplicada,2.6739764335716716
2,aplicando,2.791759469228055
2,aplicar,2.47330573810952
2,aprender,3.2617630984737906
2,aprendizaje,2.47330573810952
2,arancel,3.4849066497880004
2,arancel anual,3.772588722239781
2,aranceles,3.4849066497880004
2,artificial,2.6739764335716716
2,as,3.4849066497880004
2,asimismo,3.2617630984737906
2,asociados,3.2617630984737906
2,así,2.386294361119891
2,autónoma,2.791759469228055
2,año,3.4849066497880004
2,basadas,3.0794415416798357
2,base,2.9252908618525773
2,bases,2.6739764335716716
2,bases datos,2.791759469228055
2,bien,2.791759469228055
2,bien común,2.791759469228055
2,buenas,3.4849066497880004
2,buenas prácticas,3.4849066497880004
2,básicas,2.163150809805681
2,básicas ciencias,2.791759469228055
2,calidad,2.09861228866811
2,calidad seguridad,3.2617630984737906
2,campo,2.791759469228055
2,campus,3.4849066497880004
2,capaces,2.386294361119891
2,capacidad,1.826678573184468
2,capacidades,3.4849066497880004
2,capacitado,2.5686159179138452
2,capaz,2.2321436812926323
2,carrera,1.7357067949787413
2,carrera universidad,2.6739764335716716
2,católica,3.0794415416798357
2,chile,3.0794415416798357
2,ciclo,3.2617630984737906
2,ciclo vida,3.4849066497880004
2,ciencia,2.6739764335716716
2,ciencias,1.7357067949787413
2,ciencias básicas,2.163150809805681
2,ciencias ingeniería,2.386294361119891
2,civil,2.9252908618525773
2,competencias,1.9267620317414504
2,complejos,2.386294361119891
2,compromiso,2.3062516534463544
2,computacionales,2.386294361119891
2,computación,2.386294361119891
2,computación informática,3.0794415416798357
2,comunicaciones,3.0794415416798357
2,comunicación,1.9267620317414504
2,comunicación efectiva,2.9252908618525773
2,comunicarse,3.0794415416798357
2,común,2.791759469228055
2,concepción,3.2617630984737906
2,conocimiento,2.791759469228055
2,conocimientos,1.826678573184468
2,considerando,2.791759469228055
2,constante,3.0794415416798357
2,construir,3.0794415416798357
2,consultor,3.0794415416798357
2,contexto,2.791759469228055
2,contextos,2.3062516534463544
2,continua,2.9252908618525773
2,creación,3.0794415416798357
2,cristiana,3.0794415416798357
2,criterios,3.2617630984737906
2,crítico,2.6739764335716716
2,cuenta,3.0794415416798357
2,curricular,3.4849066497880004
2,datos,1.613104472886409
2,decisiones,2.47330573810952
2,desafíos,3.0794415416798357
2,desarrolla,2.5686159179138452
2,desarrollar,1.826678573184468
2,desarrollar proyectos,3.0794415416798357
2,desarrollar soluciones,3.0794415416798357
2,desarrollo,1.538996500732687
2,desarrollo software,2.9252908618525773
2,desarrollo sostenible,3.2617630984737906
2,desempeñarse,2.386294361119891
2,desempeño,2.791759469228055
2,desenvolverse,3.0794415416798357
2,destacan,3.0794415416798357
2,digital,2.47330573810952
2,digitales,2.6739764335716716
2,disciplinar,3.0794415416798357
2,diseña,3.0794415416798357
2,diseñar,1.9808292530117262
2,diseñar desarrollar,2.9252908618525773
2,diseñar implementar,2.791759469228055
2,diseño,2.2321436812926323
2,distintas,3.2617630984737906
2,distintos,2.791759469228055
2,diversa,3.2617630984737906
2,diversas,2.9252908618525773
2,diversidad,2.791759469228055
2,diversos,2.5686159179138452
2,duración,3.2617630984737906
2,efectiva,2.5686159179138452
2,eficiencia,2.3062516534463544
2,eficientes,2.9252908618525773
2,egresado,2.47330573810952
2,egreso,2.3062516534463544
2,ejecución,3.2617630984737906
2,ejercicio,3.0794415416798357
2,ello,3.0794415416798357
2,emergentes,3.0794415416798357
2,emprendimiento,2.9252908618525773
2,empresarial,3.2617630984737906
2,empresas,2.9252908618525773
2,enfoque,2.9252908618525773
2,entorno,3.0794415416798357
2,equipo,2.9252908618525773
2,equipos,1.7357067949787413
2,equipos multidisciplinarios,2.2321436812926323
2,equipos trabajo,2.9252908618525773
2,especialidad,3.772588722239781
2,estrategias,3.4849066497880004
2,estudiantes,3.772588722239781
2,estudio,3.2617630984737906
2,estudios,3.2617630984737906
2,está,3.2617630984737906
2,está capacitado,3.2617630984737906
2,estándares,2.47330573810952
2,estándares calidad,3.0794415416798357
2,evaluación,2.791759469228055
2,evaluando,3.2617630984737906
2,evaluar,2.6739764335716716
2,evaluar gestionar,3.4849066497880004
2,evolución,2.791759469228055
2,excelencia,3.2617630984737906
2,fin,3.0794415416798357
2,forma,2.037987666851675
2,formación,1.7357067949787413
2,formación ciencias,3.2617630984737906
2,formación integral,3.2617630984737906
2,formar,2.791759469228055
2,formar profesionales,3.772588722239781
2,formativo,3.4849066497880004
2,formular,3.2617630984737906
2,fundamentos,3.0794415416798357
2,generación,3.0794415416798357
2,generar,2.791759469228055
2,generar soluciones,2.9252908618525773
2,gestiona,3.2617630984737906
2,gestionar,1.9808292530117262
2,gestionar desarrollar,3.2617630984737906
2,gestionar proyectos,2.791759469228055
2,gestión,1.9267620317414504
2,gestión informática,3.2617630984737906
2,gestión proyectos,2.9252908618525773
2,global,2.9252908618525773
2,grandes,3.2617630984737906
2,grandes volúmenes,3.2617630984737906
2,habilidades,2.47330573810952
2,hardware,3.2617630984737906
2,herramientas,2.386294361119891
2,herramientas tecnológicas,3.2617630984737906
2,humana,3.2617630984737906
2,humanos,3.0794415416798357
2,identificar,2.791759469228055
2,idioma,3.0794415416798357
2,idioma inglés,3.0794415416798357
2,impacto,3.2617630984737906
2,implementación,3.0794415416798357
2,implementar,2.2321436812926323
2,industria,2.9252908618525773
2,información,1.3448404862917296
2,información comunicaciones,3.2617630984737906
2,información comunicación,2.791759469228055
2,informática,1.5753641449035618
2,informática universidad,3.0794415416798357
2,informáticas,2.6739764335716716
2,informáticos,1.613104472886409
2,ingeniero,1.826678573184468
2,ingeniero civil,2.9252908618525773
2,ingeniero ejecución,3.2617630984737906
2,ingeniero informática,2.9252908618525773
2,ingenieros,2.9252908618525773
2,ingeniería,1.4700036292457357
2,ingeniería software,2.47330573810952
2,inglés,2.791759469228055
2,innovación,2.037987666851675
2,innovadoras,2.163150809805681
2,instituciones,3.0794415416798357
2,instituciones públicas,3.2617630984737906
2,instituto,2.9252908618525773
2,instituto profesional,3.2617630984737906
2,integra,3.2617630984737906
2,integración,3.2617630984737906
2,integral,2.5686159179138452
2,integrales,3.0794415416798357
2,integrar,2.791759469228055
2,inteligencia,2.47330573810952
2,inteligencia artificial,2.6739764335716716
2,interdisciplinarios,3.2617630984737906
2,investigación,3.0794415416798357
2,laboral,3.0794415416798357
2,lenguajes,3.2617630984737906
2,lenguajes programación,3.2617630984737906
2,liderando,3.772588722239781
2,liderar,2.386294361119891
2,liderar equipos,2.791759469228055
2,liderazgo,2.6739764335716716
2,malla,3.2617630984737906
2,manejo,3.2617630984737906
2,manera,2.386294361119891
2,mantención,3.2617630984737906
2,marcos,3.772588722239781
2,mediante,2.6739764335716716
2,medio,2.9252908618525773
2,mejora,2.6739764335716716
2,metodologías,2.6739764335716716
2,metropolitana,3.4849066497880004
2,multidisciplinarios,2.037987666851675
2,mundo,2.5686159179138452
2,nacional,2.9252908618525773
2,necesidades,2.09861228866811
2,negocios,2.791759469228055
2,nivel,2.386294361119891
2,nivel superior,3.4849066497880004
2,niveles,3.2617630984737906
2,normativa,3.772588722239781
2,nuevas,2.9252908618525773
2,nuevas tecnologías,3.2617630984737906
2,nuevos,3.2617630984737906
2,objetivos,2.9252908618525773
2,oportunidades,3.0794415416798357
2,organizacionales,2.47330573810952
2,organizaciones,1.9267620317414504
2,organización,2.386294361119891
2,partir,3.0794415416798357
2,país,3.0794415416798357
2,pensamiento,2.791759469228055
2,pensamiento crítico,2.9252908618525773
2,perfil,2.037987666851675
2,perfil egreso,2.386294361119891
2,permanente,2.6739764335716716
2,permitan,3.0794415416798357
2,permite,1.9808292530117262
2,permitirá,3.2617630984737906
2,persona,2.791759469228055
2,personas,2.791759469228055
2,planificación,3.2617630984737906
2,planificar,2.9252908618525773
2,plataformas,3.0794415416798357
2,podrá,3.0794415416798357
2,posee,2.2321436812926323
2,presencial,3.4849066497880004
2,principios,2.5686159179138452
2,privadas,2.9252908618525773
2,problemas,1.6523251860396901
2,problemas complejos,2.5686159179138452
2,problemáticas,3.2617630984737906
2,procesos,1.8754687373538999
2,productivo,3.4849066497880004
2,productos,2.6739764335716716
2,profesional,1.3158529494184772
2,profesional ingeniero,3.2617630984737906
2,profesional podrá,3.4849066497880004
2,profesionales,1.9267620317414504
2,profesionales capaces,3.0794415416798357
2,profesión,3.0794415416798357
2,programa,2.6739764335716716
2,programación,2.9252908618525773
2,promoción,3.2617630984737906
2,promoción bien,3.4849066497880004
2,promueve,3.4849066497880004
2,propios,2.9252908618525773
2,propuestas,3.2617630984737906
2,proyectos,1.3448404862917296
2,proyectos informáticos,2.386294361119891
2,proyectos software,3.2617630984737906
2,proyectos tecnologías,3.2617630984737906
2,proyectos tecnológicos,3.2617630984737906
2,prácticas,3.2617630984737906
2,prácticas industria,3.4849066497880004
2,puede,2.9252908618525773
2,puede desempeñarse,3.4849066497880004
2,públicas,2.9252908618525773
2,públicas privadas,2.9252908618525773
2,público,3.2617630984737906
2,públicos,3.0794415416798357
2,quehacer,3.2617630984737906
2,realizar,3.2617630984737906
2,reconoce,3.4849066497880004
2,recursos,2.386294361119891
2,redes,2.5686159179138452
2,región,3.4849066497880004
2,relacionadas,3.2617630984737906
2,requerimientos,2.9252908618525773
2,requerimientos cliente,3.772588722239781
2,requieren,3.2617630984737906
2,resolución,3.0794415416798357
2,resolución problemas,3.0794415416798357
2,resolver,1.8754687373538999
2,resolver problemas,2.037987666851675
2,respeto,3.0794415416798357
2,responsabilidad,2.2321436812926323
2,responsabilidad social,2.47330573810952
2,responsable,3.0794415416798357
2,riesgos,3.0794415416798357
2,santiago,3.0794415416798357
2,sector,2.791759469228055
2,sede,3.2617630984737906
2,seguridad,2.163150809805681
2,seguridad información,2.791759469228055
2,según,2.6739764335716716
2,sello,2.6739764335716716
2,semestres,3.0794415416798357
2,sentido,3.0794415416798357
2,servicios,2.3062516534463544
2,sistemas,1.4054651081081644
2,sistemas computacionales,2.9252908618525773
2,sistemas información,2.47330573810952
2,sistemas informáticos,2.386294361119891
2,sistemas redes,3.2617630984737906
2,social,1.826678573184468
2,sociales,2.791759469228055
2,sociedad,2.6739764335716716
2,software,1.538996500732687
2,soluciones,1.4054651081081644
2,soluciones computacionales,3.2617630984737906
2,soluciones eficientes,3.2617630984737906
2,soluciones informáticas,2.791759469228055
2,soluciones innovadoras,2.9252908618525773
2,soluciones integrales,3.4849066497880004
2,soluciones software,3.0794415416798357
2,soluciones tecnológicas,2.6739764335716716
2,sostenible,2.791759469228055
2,superior,3.2617630984737906
2,sólida,2.5686159179138452
2,sólida formación,2.6739764335716716
2,sólidos,3.2617630984737906
2,tecnología,2.791759469228055
2,tecnologías,1.3158529494184772
2,tecnologías información,1.5753641449035618
2,tecnológica,2.163150809805681
2,tecnológicas,2.3062516534463544
2,tecnológico,2.6739764335716716
2,tecnológicos,2.386294361119891
2,telecomunicaciones,3.0794415416798357
2,tic,3.2617630984737906
2,toma,2.791759469228055
2,toma decisiones,2.791759469228055
2,trabajar,2.791759469228055
2,trabajo,1.9267620317414504
2,transformación,2.3062516534463544
2,transformación digital,2.47330573810952
2,través,2.386294361119891
2,técnicas,2.791759469228055
2,técnico,3.0794415416798357
2,técnicos,2.9252908618525773
2,título,3.0794415416798357
2,título profesional,3.2617630984737906
2,universidad,1.5753641449035618
2,universidad católica,3.0794415416798357
2,universitario,3.772588722239781
2,uso,2.47330573810952
2,utilizando,3.0794415416798357
2,utilizando herramientas,3.772588722239781
2,vacantes,3.4849066497880004
2,valor,2.6739764335716716
2,valores,3.2617630984737906
2,vanguardia,3.4849066497880004
2,ver,3.4849066497880004
2,vida,2.6739764335716716
2,vida según,3.4849066497880004
2,vigente,3.4849066497880004
2,visión,2.386294361119891
2,visión cristiana,3.4849066497880004
2,volúmenes,3.2617630984737906
2,ámbito,2.9252908618525773
2,ámbitos,3.0794415416798357
2,área,2.5686159179138452
2,áreas,2.5686159179138452
2,ética,2.09861228866811
2,ético,2.5686159179138452
2,éticos,3.0794415416798357
3,10,3.1000608288825715
3,2026,3.505525936990736
3,académico,3.1000608288825715
3,acciones,3.505525936990736
3,acreditación,3.505525936990736
3,acuerdo,3.2823823856765264
3,adaptarse,2.9459101490553135
3,además,2.4939250253122562
3,administración,3.1000608288825715
3,administrar,3.1000608288825715
3,admisión,3.505525936990736
3,alto,2.9459101490553135
3,ambiental,3.1000608288825715
3,amplio,3.2823823856765264
3,analista,3.1000608288825715
3,analizar,2.6945957207744073
3,analítica,3.1000608288825715
3,análisis,2.406913648322626
3,análisis datos,2.9459101490553135
3,aplica,3.1000608288825715
3,aplicaciones,2.9459101490553135
3,aplicación,2.8123787564307907
3,aplicada,2.589235205116581
3,aplicando,2.8123787564307907
3,aplicar,2.6945957207744073
3,apoyar,3.2823823856765264
3,aprendizaje,2.406913648322626
3,artificial,2.4939250253122562
3,asimismo,2.9459101490553135
3,así,2.406913648322626
3,años,3.505525936990736
3,base,2.589235205116581
3,bases,2.6945957207744073
3,bases datos,2.6945957207744073
3,bien,2.8123787564307907
3,bien común,2.9459101490553135
3,buenas,3.2823823856765264
3,buenas prácticas,3.2823823856765264
3,básicas,2.252762968495368
3,básicas ciencias,2.6945957207744073
3,calidad,2.0586069540544107
3,cambio,3.2823823856765264
3,campo,2.9459101490553135
3,campus,3.505525936990736
3,capaces,2.8123787564307907
3,capacidad,1.8960880245566356
3,capacitado,2.589235205116581
3,capaz,2.001448540214462
3,capaz concebir,3.505525936990736
3,carrera,1.8007778447523106
3,carrera universidad,2.9459101490553135
3,carreras,3.505525936990736
3,católica,2.6945957207744073
3,chile,2.9459101490553135
3,ciberseguridad,3.505525936990736
3,ciclo,3.2823823856765264
3,ciclo vida,3.505525936990736
3,ciencia,2.589235205116581
3,ciencia datos,3.2823823856765264
3,ciencias,1.756326082181477
3,ciencias básicas,2.252762968495368
3,ciencias computación,3.2823823856765264
3,ciencias ingeniería,2.406913648322626
3,civil,2.4939250253122562
3,civil computación,2.9459101490553135
3,competencias,2.001448540214462
3,complejos,2.589235205116581
3,comprometido,2.8123787564307907
3,compromiso,2.589235205116581
3,computacionales,2.4939250253122562
3,computación,2.0586069540544107
3,computación informática,2.4939250253122562
3,comunicaciones,2.589235205116581
3,comunicación,1.8472978603872037
3,comunicación efectiva,2.9459101490553135
3,comunicarse,2.9459101490553135
3,común,2.6945957207744073
3,concebir,3.2823823856765264
3,concebir diseñar,3.505525936990736
3,concepción,3.2823823856765264
3,conocimiento,2.8123787564307907
3,conocimientos,1.672944473242426
3,considerando,2.406913648322626
3,constante,3.1000608288825715
3,construir,2.9459101490553135
3,consultor,2.9459101490553135
3,contexto,2.3268709406490897
3,contextos,2.4939250253122562
3,continua,2.8123787564307907
3,contribuir,2.8123787564307907
3,contribuyendo,2.8123787564307907
3,crear,2.9459101490553135
3,cristiana,3.1000608288825715
3,criterios,2.8123787564307907
3,crítico,2.8123787564307907
3,cuenta,2.6945957207744073
3,cultura,3.1000608288825715
3,datos,1.6337237600891445
3,decisiones,2.252762968495368
3,desafíos,2.6945957207744073
3,desarrolla,2.589235205116581
3,desarrollar,1.9473813189441862
3,desarrollar proyectos,3.1000608288825715
3,desarrollar soluciones,3.1000608288825715
3,desarrollo,1.5596157879354227
3,desarrollo software,2.589235205116581
3,desarrollo sostenible,3.2823823856765264
3,desempeña,3.2823823856765264
3,desempeñarse,2.406913648322626
3,desempeño,2.6945957207744073
3,diferentes,3.505525936990736
3,digital,2.6945957207744073
3,digitales,2.589235205116581
3,dirección,3.505525936990736
3,director,3.793208009442517
3,disciplina,2.9459101490553135
3,disciplinar,3.1000608288825715
3,diseña,3.1000608288825715
3,diseñar,1.9473813189441862
3,diseñar desarrollar,2.9459101490553135
3,diseñar implementar,2.8123787564307907
3,diseño,2.3268709406490897
3,distintas,3.2823823856765264
3,distintos,2.8123787564307907
3,diversas,3.2823823856765264
3,diversidad,2.9459101490553135
3,diversos,2.6945957207744073
3,docente,3.505525936990736
3,económico,3.2823823856765264
3,educación,3.505525936990736
3,educación superior,3.793208009442517
3,efectiva,2.6945957207744073
3,efectivamente,3.2823823856765264
3,eficiencia,2.406913648322626
3,eficiente,3.1000608288825715
3,eficientes,2.9459101490553135
3,egresado,2.589235205116581
3,egreso,2.4939250253122562
3,ejecución,3.2823823856765264
3,ejercicio,3.1000608288825715
3,ello,3.2823823856765264
3,emergentes,2.6945957207744073
3,emprendimiento,2.589235205116581
3,emprendimientos,3.1000608288825715
3,empresarial,3.1000608288825715
3,empresariales,3.793208009442517
3,empresas,2.6945957207744073
3,encuentra,3.505525936990736
3,enfoque,2.8123787564307907
3,entorno,2.406913648322626
3,entornos,3.1000608288825715
3,entregar,3.505525936990736
3,equipos,1.6337237600891445
3,equipos multidisciplinarios,2.406913648322626
3,equipos trabajo,2.6945957207744073
3,especialidad,3.1000608288825715
3,especialización,3.505525936990736
3,estudiantes,3.505525936990736
3,estudios,3.1000608288825715
3,está,2.9459101490553135
3,está capacitado,3.1000608288825715
3,estándares,2.6945957207744073
3,estándares calidad,3.2823823856765264
3,evaluación,3.2823823856765264
3,evaluar,2.8123787564307907
3,evaluar gestionar,3.2823823856765264
3,evolución,2.9459101490553135
3,excelencia,3.2823823856765264
3,experiencia,3.505525936990736
3,fin,3.2823823856765264
3,forma,2.1192315758708453
3,formación,1.5245244681241528
3,formación ciencias,2.6945957207744073
3,formación integral,3.1000608288825715
3,formación permite,3.1000608288825715
3,formar,2.9459101490553135
3,generar,2.9459101490553135
3,generar soluciones,3.2823823856765264
3,genéricas,3.2823823856765264
3,gestiona,3.2823823856765264
3,gestionar,1.8960880245566356
3,gestionar desarrollar,3.2823823856765264
3,gestionar proyectos,2.589235205116581
3,gestión,1.756326082181477
3,gestión proyectos,2.8123787564307907
3,global,2.6945957207744073
3,global social,3.793208009442517
3,habilidades,2.1837700970084164
3,hardware,3.1000608288825715
3,herramientas,2.252762968495368
3,historia,3.793208009442517
3,humana,3.2823823856765264
3,humana promoción,3.505525936990736
3,idioma,3.2823823856765264
3,impacto,2.9459101490553135
3,impacto acciones,3.793208009442517
3,implementa,3.2823823856765264
3,implementación,2.8123787564307907
3,implementar,2.1192315758708453
3,implementar operar,3.2823823856765264
3,independiente,3.2823823856765264
3,industria,2.6945957207744073
3,industrial,3.505525936990736
3,información,1.3953127366441465
3,información comunicaciones,2.8123787564307907
3,información comunicación,2.9459101490553135
3,informática,1.4260843953109001
3,informática universidad,2.406913648322626
3,informáticas,2.1837700970084164
3,informático,3.1000608288825715
3,informáticos,1.756326082181477
3,infraestructura,3.2823823856765264
3,ingeniero,1.5596157879354227
3,ingeniero civil,2.4939250253122562
3,ingeniero ejecución,3.2823823856765264
3,ingeniero informática,3.1000608288825715
3,ingenieros,3.2823823856765264
3,ingeniería,1.3654597734944653
3,ingeniería aplicada,3.2823823856765264
3,ingeniería ciencias,3.2823823856765264
3,ingeniería software,2.406913648322626
3,inglés,2.8123787564307907
3,ingreso,3.793208009442517
3,innovación,1.8472978603872037
3,innovadoras,2.406913648322626
3,institucionales,3.2823823856765264
3,instituciones,2.9459101490553135
3,instituciones públicas,3.2823823856765264
3,institución,3.505525936990736
3,instituto,3.505525936990736
3,integra,3.1000608288825715
3,integración,3.1000608288825715
3,integral,2.3268709406490897
3,integrar,2.8123787564307907
3,inteligencia,2.252762968495368
3,inteligencia artificial,2.4939250253122562
3,inteligencia negocios,3.2823823856765264
3,interdisciplinarios,2.9459101490553135
3,internacional,3.505525936990736
3,internacionales,3.793208009442517
3,investigación,2.9459101490553135
3,jefe,3.1000608288825715
3,junto,2.9459101490553135
3,laboral,3.2823823856765264
3,lenguajes,2.9459101490553135
3,lenguajes programación,3.1000608288825715
3,liderar,2.589235205116581
3,liderar equipos,3.1000608288825715
3,liderazgo,2.406913648322626
3,manager,3.793208009442517
3,manera,2.252762968495368
3,mantención,3.1000608288825715
3,mediante,2.6945957207744073
3,medio,2.6945957207744073
3,mejora,2.4939250253122562
3,mejora continua,3.1000608288825715
3,metodologías,2.6945957207744073
3,metropolitana,3.505525936990736
3,modelos,3.505525936990736
3,multidisciplinarios,2.1837700970084164
3,mundo,2.589235205116581
3,nacional,3.2823823856765264
3,necesidades,2.252762968495368
3,negocio,3.1000608288825715
3,negocios,2.8123787564307907
3,nivel,2.4939250253122562
3,normas,3.1000608288825715
3,nuevas,2.9459101490553135
3,nuevas tecnologías,3.2823823856765264
3,nuevos,3.2823823856765264
3,objetivos,3.2823823856765264
3,oportunidades,3.1000608288825715
3,organizacionales,2.589235205116581
3,organizaciones,1.756326082181477
3,organización,2.4939250253122562
3,país,3.1000608288825715
3,pensamiento,2.8123787564307907
3,pensamiento crítico,3.1000608288825715
3,perfil,2.0586069540544107
3,perfil egreso,2.589235205116581
3,perfil profesional,3.1000608288825715
3,permanente,2.589235205116581
3,permitan,2.8123787564307907
3,permite,1.8960880245566356
3,persona,2.9459101490553135
3,persona humana,3.2823823856765264
3,personas,2.406913648322626
3,plan,3.505525936990736
3,planificar,2.9459101490553135
3,plataformas,2.8123787564307907
3,posee,2.0586069540544107
3,principios,2.3268709406490897
3,principios éticos,3.2823823856765264
3,privadas,2.8123787564307907
3,problemas,1.756326082181477
3,problemas complejos,2.6945957207744073
3,problemáticas,3.1000608288825715
3,procesos,1.713766467762681
3,productos,2.4939250253122562
3,profesional,1.2282586519809802
3,profesional capaz,3.1000608288825715
3,profesional integral,3.1000608288825715
3,profesionales,2.3268709406490897
3,profesión,2.9459101490553135
3,programa,2.9459101490553135
3,programación,2.8123787564307907
3,promoción,3.2823823856765264
3,promueve,3.2823823856765264
3,propios,2.8123787564307907
3,proyectos,1.2809023854664021
3,proyectos informáticos,2.252762968495368
3,proyectos tecnológicos,3.2823823856765264
3,prácticas,2.9459101490553135
3,puede,2.8123787564307907
3,puede desempeñarse,3.2823823856765264
3,públicas,2.8123787564307907
3,públicas privadas,2.8123787564307907
3,quehacer,2.9459101490553135
3,quehacer profesional,3.2823823856765264
3,reconoce,3.505525936990736
3,recursos,2.406913648322626
3,redes,2.4939250253122562
3,relacionados,2.9459101490553135
3,requerimientos,2.8123787564307907
3,resolver,1.8960880245566356
3,resolver problemas,2.1192315758708453
3,respeto,2.9459101490553135
3,responsabilidad,2.1192315758708453
3,responsabilidad social,2.3268709406490897
3,responsable,3.1000608288825715
3,resultados,3.505525936990736
3,riesgos,3.2823823856765264
3,rol,3.505525936990736
3,sector,3.2823823856765264
3,seguridad,2.1192315758708453
3,seguridad información,2.6945957207744073
3,según,2.589235205116581
3,sello,2.8123787564307907
3,sentido,2.589235205116581
3,servicios,2.252762968495368
3,siendo,3.1000608288825715
3,siendo capaz,3.1000608288825715
3,sistemas,1.5245244681241528
3,sistemas computacionales,2.9459101490553135
3,sistemas información,2.406913648322626
3,sistemas informáticos,2.8123787564307907
3,situaciones,3.1000608288825715
3,social,1.8007778447523106
3,sociales,2.8123787564307907
3,sociedad,2.589235205116581
3,software,1.3953127366441465
3,soluciones,1.4260843953109001
3,soluciones informáticas,2.4939250253122562
3,soluciones software,3.1000608288825715
3,soluciones tecnológicas,2.4939250253122562
3,sostenible,2.589235205116581
3,superior,3.2823823856765264
3,sólida,2.4939250253122562
3,sólida formación,2.589235205116581
3,tecnología,2.6945957207744073
3,tecnologías,1.2809023854664021
3,tecnologías información,1.6337237600891445
3,tecnológica,2.1837700970084164
3,tecnológicas,2.252762968495368
3,tecnológico,2.4939250253122562
3,tecnológicos,2.1192315758708453
3,telecomunicaciones,3.2823823856765264
3,tic,2.9459101490553135
3,titulado,3.1000608288825715
3,toma,2.4939250253122562
3,toma decisiones,2.4939250253122562
3,trabajar,2.8123787564307907
3,trabajo,1.8007778447523106
3,transformación,2.406913648322626
3,transformación digital,2.6945957207744073
3,través,2.1837700970084164
3,trayectoria,3.2823823856765264
3,técnicas,3.1000608288825715
3,técnico,3.1000608288825715
3,técnicos,3.1000608288825715
3,universidad,1.4260843953109001
3,universidad católica,2.6945957207744073
3,universitario,3.505525936990736
3,uso,2.4939250253122562
3,utilizando,3.1000608288825715
3,valor,2.6945957207744073
3,valores,3.2823823856765264
3,vanguardia,3.505525936990736
3,vida,2.589235205116581
3,vida según,3.2823823856765264
3,visión,2.3268709406490897
3,visión cristiana,3.2823823856765264
3,ámbito,2.4939250253122562
3,ámbitos,2.8123787564307907
3,área,2.8123787564307907
3,áreas,2.3268709406490897
3,énfasis,3.505525936990736
3,ética,2.406913648322626
3,ético,2.589235205116581
3,éticos,2.589235205116581
4,000,3.505525936990736
4,000 arancel,3.793208009442517
4,10,3.1000608288825715
4,2026,3.505525936990736
4,25,3.793208009442517
4,acciones,3.2823823856765264
4,acreditación,3.793208009442517
4,actualización,2.9459101490553135
4,acuerdo,2.9459101490553135
4,adaptarse,3.1000608288825715
4,además,2.1837700970084164
4,admisión,3.505525936990736
4,ambiental,2.9459101490553135
4,analista,3.2823823856765264
4,analizar,2.8123787564307907
4,analítica,2.9459101490553135
4,análisis,2.8123787564307907
4,análisis datos,3.2823823856765264
4,aplica,3.1000608288825715
4,aplicaciones,3.2823823856765264
4,aplicación,2.6945957207744073
4,aplicada,2.9459101490553135
4,aplicando,2.589235205116581
4,aplicando conocimientos,3.2823823856765264
4,aplicar,2.8123787564307907
4,apoyar,3.1000608288825715
4,aprendizaje,2.406913648322626
4,arancel,3.793208009442517
4,artificial,2.589235205116581
4,asimismo,2.9459101490553135
4,asociados,3.1000608288825715
4,así,2.589235205116581
4,autónoma,2.9459101490553135
4,año,3.2823823856765264
4,años,3.793208009442517
4,basadas,3.2823823856765264
4,base,2.9459101490553135
4,bases,2.6945957207744073
4,bases datos,2.8123787564307907
4,bien,2.8123787564307907
4,bien común,2.9459101490553135
4,buenas,3.1000608288825715
4,buenas prácticas,3.1000608288825715
4,básicas,2.3268709406490897
4,básicas ciencias,3.1000608288825715
4,básicas ingeniería,3.1000608288825715
4,calidad,2.252762968495368
4,calidad seguridad,3.1000608288825715
4,cambio,3.2823823856765264
4,campo,3.1000608288825715
4,campus,3.505525936990736
4,capaces,2.589235205116581
4,capacidad,1.8472978603872037
4,capacidad trabajar,2.9459101490553135
4,capacidades,2.9459101490553135
4,capacitado,3.1000608288825715
4,capaz,2.001448540214462
4,capaz concebir,3.505525936990736
4,carrera,1.9473813189441862
4,carrera universidad,2.9459101490553135
4,carreras,3.505525936990736
4,católica,2.6945957207744073
4,chile,3.2823823856765264
4,ciberseguridad,3.505525936990736
4,ciclo,3.2823823856765264
4,ciclo vida,3.505525936990736
4,ciencia,2.6945957207744073
4,ciencia datos,3.1000608288825715
4,ciencias,1.713766467762681
4,ciencias básicas,2.3268709406490897
4,ciencias ingeniería,2.4939250253122562
4,civil,2.589235205116581
4,civil computación,3.2823823856765264
4,competencias,2.0586069540544107
4,complejos,2.589235205116581
4,comprometido,2.8123787564307907
4,compromiso,2.3268709406490897
4,compromiso ético,3.1000608288825715
4,computacionales,2.9459101490553135
4,computación,2.1837700970084164
4,computación informática,2.8123787564307907
4,computadores,3.505525936990736
4,comunicaciones,2.8123787564307907
4,comunicación,2.001448540214462
4,comunicación efectiva,2.8123787564307907
4,comunicarse,2.8123787564307907
4,común,2.6945957207744073
4,concebir,3.2823823856765264
4,concebir diseñar,3.2823823856765264
4,concepción,3.2823823856765264
4,conocimiento,2.9459101490553135
4,conocimientos,1.756326082181477
4,considerando,2.6945957207744073
4,constante,3.1000608288825715
4,consultor,3.1000608288825715
4,contexto,2.406913648322626
4,contexto global,3.505525936990736
4,contextos,2.3268709406490897
4,continua,2.589235205116581
4,contribuir,3.1000608288825715
4,contribuyendo,2.9459101490553135
4,cristiana,3.1000608288825715
4,criterios,3.2823823856765264
4,crítico,2.6945957207744073
4,cualquier,3.1000608288825715
4,datos,1.5959834321062976
4,decisiones,2.252762968495368
4,desafíos,2.9459101490553135
4,desarrolla,2.589235205116581
4,desarrollar,2.001448540214462
4,desarrollar soluciones,2.9459101490553135
4,desarrollo,1.5245244681241528
4,desarrollo software,2.6945957207744073
4,desempeña,3.2823823856765264
4,desempeñarse,2.3268709406490897
4,desempeño,2.8123787564307907
4,desenvolverse,2.9459101490553135
4,diferentes,3.1000608288825715
4,digital,2.589235205116581
4,digitales,2.589235205116581
4,director,3.793208009442517
4,disciplina,2.8123787564307907
4,disciplinar,3.2823823856765264
4,diseña,2.9459101490553135
4,diseñar,2.0586069540544107
4,diseñar implementar,2.589235205116581
4,diseño,2.3268709406490897
4,distintas,2.8123787564307907
4,diversa,3.1000608288825715
4,diversa índole,3.2823823856765264
4,diversas,3.1000608288825715
4,diversidad,3.1000608288825715
4,diversos,2.589235205116581
4,económico,3.2823823856765264
4,educación,3.793208009442517
4,efectiva,2.406913648322626
4,efectivamente,3.1000608288825715
4,eficiencia,2.4939250253122562
4,egresado,2.1837700970084164
4,egreso,2.406913648322626
4,ejecución,3.2823823856765264
4,ello,3.2823823856765264
4,emergentes,2.9459101490553135
4,emprendimiento,2.8123787564307907
4,emprendimientos,2.9459101490553135
4,empresarial,3.505525936990736
4,empresariales,3.793208009442517
4,empresas,2.9459101490553135
4,entorno,2.6945957207744073
4,equipo,2.9459101490553135
4,equipos,1.5959834321062976
4,equipos multidisciplinarios,2.3268709406490897
4,equipos trabajo,2.406913648322626
4,especialidad,3.1000608288825715
4,especialización,3.2823823856765264
4,estrategias,3.2823823856765264
4,está,3.2823823856765264
4,estándares,2.4939250253122562
4,estándares calidad,3.505525936990736
4,evaluación,2.6945957207744073
4,evaluar,2.4939250253122562
4,evaluar gestionar,3.1000608288825715
4,evolución,2.8123787564307907
4,experiencia,3.793208009442517
4,fin,3.505525936990736
4,forma,1.9473813189441862
4,formación,1.5959834321062976
4,formación ciencias,2.9459101490553135
4,formación permite,2.9459101490553135
4,formular,3.2823823856765264
4,función,3.505525936990736
4,generación,3.1000608288825715
4,generando,3.1000608288825715
4,generar,2.6945957207744073
4,generar soluciones,3.1000608288825715
4,gestiona,3.2823823856765264
4,gestionar,2.001448540214462
4,gestionar proyectos,2.589235205116581
4,gestión,1.9473813189441862
4,gestión información,3.505525936990736
4,gestión proyectos,2.6945957207744073
4,global,2.8123787564307907
4,habilidades,2.406913648322626
4,hardware,2.6945957207744073
4,herramientas,2.252762968495368
4,humana,3.2823823856765264
4,identificar,3.1000608288825715
4,idioma,3.1000608288825715
4,idioma inglés,3.1000608288825715
4,impacto,3.1000608288825715
4,implementa,3.1000608288825715
4,implementación,2.589235205116581
4,implementar,2.1192315758708453
4,implementar soluciones,3.1000608288825715
4,industria,2.589235205116581
4,información,1.3083013596545165
4,información comunicaciones,2.9459101490553135
4,información comunicación,2.9459101490553135
4,informática,1.5959834321062976
4,informática universidad,2.6945957207744073
4,informáticas,2.3268709406490897
4,informático,2.8123787564307907
4,informáticos,1.5596157879354227
4,ingeniero,1.672944473242426
4,ingeniero civil,2.589235205116581
4,ingeniero ejecución,3.2823823856765264
4,ingeniero informática,3.2823823856765264
4,ingeniería,1.5245244681241528
4,ingeniería software,2.3268709406490897
4,inglés,2.8123787564307907
4,innovación,1.756326082181477
4,innovación emprendimiento,3.1000608288825715
4,innovador,3.505525936990736
4,innovadoras,2.406913648322626
4,instituciones,2.9459101490553135
4,instituciones públicas,3.1000608288825715
4,instituto,3.1000608288825715
4,integración,2.9459101490553135
4,integral,2.589235205116581
4,integrales,3.2823823856765264
4,inteligencia,2.3268709406490897
4,inteligencia artificial,2.589235205116581
4,interdisciplinarios,3.1000608288825715
4,internacionales,3.505525936990736
4,investigación,2.8123787564307907
4,jefe,3.2823823856765264
4,junto,3.2823823856765264
4,laboral,3.2823823856765264
4,legal,3.505525936990736
4,legal vigente,3.505525936990736
4,lenguajes,2.9459101490553135
4,lenguajes programación,3.1000608288825715
4,liderando,3.505525936990736
4,liderar,2.3268709406490897
4,liderar equipos,2.589235205116581
4,liderazgo,2.6945957207744073
4,manager,3.793208009442517
4,manejo,3.2823823856765264
4,manera,2.6945957207744073
4,mantención,3.1000608288825715
4,marco,3.1000608288825715
4,marcos,3.793208009442517
4,mediante,2.9459101490553135
4,medio,2.589235205116581
4,mejora,2.4939250253122562
4,mejora continua,3.1000608288825715
4,metodologías,2.4939250253122562
4,modelos,3.2823823856765264
4,multidisciplinarios,1.9473813189441862
4,mundo,2.6945957207744073
4,nacional,3.1000608288825715
4,necesidades,2.1837700970084164
4,negocios,2.6945957207744073
4,nivel,2.406913648322626
4,normativa,3.2823823856765264
4,normativa legal,3.505525936990736
4,nuevas,2.9459101490553135
4,objetivos,2.9459101490553135
4,organizacionales,2.589235205116581
4,organizaciones,1.756326082181477
4,organización,2.252762968495368
4,partir,2.9459101490553135
4,país,2.8123787564307907
4,pensamiento,2.8123787564307907
4,pensamiento crítico,2.9459101490553135
4,perfil,2.1192315758708453
4,perfil egreso,2.406913648322626
4,permanente,2.589235205116581
4,permitan,2.8123787564307907
4,permite,2.0586069540544107
4,persona,2.8123787564307907
4,persona humana,3.505525936990736
4,personas,2.4939250253122562
4,plan,3.1000608288825715
4,planificar,3.1000608288825715
4,plataformas,2.9459101490553135
4,podrá,3.505525936990736
4,posee,2.252762968495368
4,presencial,3.2823823856765264
4,principios,2.252762968495368
4,principios éticos,3.2823823856765264
4,privadas,2.9459101490553135
4,privado,3.1000608288825715
4,problemas,1.8472978603872037
4,problemas complejos,2.9459101490553135
4,problemáticas,2.9459101490553135
4,procesos,1.8472978603872037
4,productivo,3.793208009442517
4,profesional,1.1782482314063187
4,profesional capaz,3.1000608288825715
4,profesionales,2.252762968495368
4,profesionales capaces,3.2823823856765264
4,profesión,3.1000608288825715
4,programa,2.6945957207744073
4,programación,2.6945957207744073
4,promoción,3.2823823856765264
4,promoción bien,3.2823823856765264
4,propios,3.1000608288825715
4,proyectos,1.336472236621213
4,proyectos informáticos,2.1837700970084164
4,proyectos tecnologías,3.2823823856765264
4,proyectos tecnológicos,2.8123787564307907
4,prácticas,2.9459101490553135
4,prácticas industria,3.505525936990736
4,públicas,2.9459101490553135
4,públicas privadas,2.9459101490553135
4,público,3.2823823856765264
4,quehacer,3.2823823856765264
4,quehacer profesional,3.2823823856765264
4,recursos,2.4939250253122562
4,redes,2.6945957207744073
4,región,3.505525936990736
4,relacionados,3.1000608288825715
4,requerimientos,2.9459101490553135
4,resolución,3.2823823856765264
4,resolver,2.0586069540544107
4,resolver problemas,2.3268709406490897
4,respetando,3.1000608288825715
4,respeto,3.1000608288825715
4,responsabilidad,2.252762968495368
4,responsabilidad social,2.406913648322626
4,responsable,3.1000608288825715
4,resultados,3.505525936990736
4,rol,3.505525936990736
4,sector,3.1000608288825715
4,sector público,3.2823823856765264
4,sede,3.505525936990736
4,seguridad,2.1192315758708453
4,seguridad información,3.1000608288825715
4,según,2.6945957207744073
4,sello,2.589235205116581
4,semestres,3.2823823856765264
4,sentido,3.1000608288825715
4,servicios,2.3268709406490897
4,siendo,2.9459101490553135
4,siendo capaz,3.1000608288825715
4,sistemas,1.4578330936254802
4,sistemas computacionales,3.2823823856765264
4,sistemas información,2.589235205116581
4,sistemas informáticos,2.4939250253122562
4,sistemas redes,3.1000608288825715
4,social,1.8472978603872037
4,sociales,3.2823823856765264
4,sociedad,2.4939250253122562
4,software,1.4578330936254802
4,software hardware,3.1000608288825715
4,soluciones,1.3654597734944653
4,soluciones informáticas,2.589235205116581
4,soluciones innovadoras,3.2823823856765264
4,soluciones tecnológicas,2.589235205116581
4,sostenible,3.1000608288825715
4,superior,3.2823823856765264
4,sólida,2.589235205116581
4,sólida formación,2.589235205116581
4,sólidos,3.1000608288825715
4,tecnología,2.8123787564307907
4,tecnologías,1.2809023854664021
4,tecnologías información,1.5596157879354227
4,tecnológica,2.406913648322626
4,tecnológicas,2.252762968495368
4,tecnológico,2.9459101490553135
4,tecnológicos,2.1837700970084164
4,telecomunicaciones,3.1000608288825715
4,tic,2.9459101490553135
4,toma,2.406913648322626
4,toma decisiones,2.406913648322626
4,trabajar,2.6945957207744073
4,trabajar equipos,3.2823823856765264
4,trabajo,1.672944473242426
4,trabajo equipo,3.2823823856765264
4,transformación,2.3268709406490897
4,transformación digital,2.589235205116581
4,través,2.1192315758708453
4,trayectoria,3.2823823856765264
4,técnicas,3.1000608288825715
4,técnico,3.1000608288825715
4,técnicos,3.2823823856765264
4,título,3.1000608288825715
4,título profesional,3.2823823856765264
4,universidad,1.4578330936254802
4,universidad católica,2.6945957207744073
4,universitario,3.505525936990736
4,uso,2.6945957207744073
4,utilizando,2.9459101490553135
4,utilizando herramientas,3.505525936990736
4,valor,2.589235205116581
4,vida,2.8123787564307907
4,vida según,3.2823823856765264
4,vigente,3.1000608288825715
4,visión,2.4939250253122562
4,visión cristiana,3.2823823856765264
4,ámbito,2.589235205116581
4,ámbitos,2.8123787564307907
4,área,2.6945957207744073
4,áreas,2.4939250253122562
4,énfasis,3.2823823856765264
4,ética,2.1837700970084164
4,ético,2.4939250253122562
4,éticos,2.9459101490553135
4,índole,3.2823823856765264
