Real,Predicho
Informática,Informática
Informática,Informática
Informática,Informática
Informática,Informática
Informática,Civil
Informática,Informática
Informática,Informática
Informática,Informática
Informática,Civil
Informática,Informática
Civil,Informática
Civil,Informática
Informática,Civil
Civil,Informática
Informática,Informática
Civil,Civil
Civil,Civil
Ejecución,Ejecución
Ejecución,Civil
Civil,Civil
Informática,Civil
Informática,Informática
Civil,Civil
Informática,Informática
Civil,Civil
Civil,Civil
Civil,Civil
Informática,Civil
Civil,Informática
Informática,Informática
Civil,Informática
Informática,Ejecución
Informática,Civil
Civil,Civil
Civil,Civil
Civil,Civil
Informática,Civil
Civil,Civil
Civil,Civil
Civil,Civil
Informática,Civil
Civil,Civil
Civil,Informática
Ejecución,Civil
Civil,Informática
Civil,Civil
Informática,Civil
Informática,Informática
Civil,Informática
Civil,Civil
Informática,Civil
Ejecución,Ejecución
Civil,Civil
Civil,Civil
Informática,Informática
Civil,Civil
Civil,Civil
Ejecución,Civil
Civil,Civil
Civil,Civil
Civil,Civil
