fila_datos,grado,PCA_1,PCA_2,LDA_1,LDA_2,indice_fuente,universidad,carrera,url,modalidad,id_programa,grupo_perfil
1,Ejecución,-0.16454519315662128,-0.1649635739705634,-0.7336681164761992,-2.5170439338326434,1,Universidad de Santiago de Chile,Ingeniería de Ejecución en Computación e Informática,https://admision.usach.cl/carreras/ingenieria-de-ejecucion-en-computacion-e-informatica,,,
2,Civil,-0.13890822649922566,0.1729346084591899,-2.9776013482955723,1.636875501341748,2,Universidad de Santiago de Chile,Ingeniería Civil en Informática,https://admision.usach.cl/carreras/ingenieria-civil-en-informatica-plan-comun,,,
3,Informática,-0.25570819586724536,-0.22084744967858294,1.4216169390413547,-0.7383574349710689,3,Universidad de Valparaíso,Ingeniería en Informática,https://admision.uv.cl/carreras/ingenieria-en-informatica,,,
4,Civil,-0.27107528622225757,-0.23542399434318204,-0.5976519395678141,0.8529907312698563,4,Universidad de Valparaíso,Ingeniería Civil en Informática,https://admision.uv.cl/carreras/ingenieria-civil-informatica,,,
5,Civil,0.14910746368425948,-0.16586705512654704,-1.8296516109436671,0.3007688616605477,5,Universidad de Chile,Ingeniería Civil en Computación,https://admisionuchile.cl/career/ingenieria-civil-en-computacion/,,,
6,Civil,0.020267023876761374,0.08284605284339093,-2.15290991694713,0.9453405448503616,6,Universidad de Atacama,Ingeniería Civil en Computación e Informática,https://admision.uda.cl/index.php/ingenieria-civil-en-computacion-e-informatica/,,,
7,Civil,-0.01582698151628487,-0.031731619853188675,-1.6852959506538037,0.4780332488896111,7,Universidad de la Serena,Ingeniería Civil en Computación e Informática,https://admision.userena.cl/carreras/ingenieria-civil-en-computacion-e-informatica,,,
8,Civil,-0.13107130447463472,-0.16707464355424226,-2.2357008618708076,0.606540845698165,8,Universidad de Talca,Ingeniería Civil en Computación,https://admision.utalca.cl/carreras/ingenieria-civil-en-computacion/,,,
9,Informática,-0.08906802732386333,0.08430455586282459,3.180020701810704,-0.5571463382744932,9,Universidad de Talca,Ingeniería en Informática Empresarial,https://admision.utalca.cl/carreras/ingenieria-en-informatica-empresarial/,,,
10,Civil,-0.1785209251912585,0.14443160272097638,-2.6251684352393436,-0.9479550915432186,10,Universidad del Biobío,Ingeniería Civil en Informática,https://ubiobio.cl/admision/Todas_las_Carreras/17/Ingenieria_Civil_en_Informatica_Concepcion/,,,
11,Ejecución,-0.19391372956610745,-0.020396865621063808,-1.071527990553577,-2.321054648766022,11,Universidad del Biobío,Ingenieria de Ejecución en Computación e Informática,https://ubiobio.cl/admision/Ciencias_Empresariales/21/Ingenieria_de_Ejecucion_en_Computacion_e_Informatica/,,,
12,Informática,-0.22483351233547585,0.028403394876004958,2.6062785828122794,-0.12341885974498878,12,Universidad de la Frontera,Ingenieria Informática,https://admision.ufro.cl/ingenieria-informatica/,,,
13,Civil,-0.024760789912688024,0.029776873542227824,-2.100418739373229,0.7488074113556114,13,Universidad de la Frontera,Ingenieria Civil Informatica,https://admision.ufro.cl/ingenieria-civil-informatica/,,,
14,Civil,-0.2637088663976748,-0.10680510605182096,-2.683394788631488,0.5615552126948526,14,Universidad de los Lagos,Ingenieria Civil en Informatica,https://admision.ulagos.cl/Carreras/ingenieria-civil-en-informatica/,,,
15,Informática,-0.2214587857281572,0.22861986930201356,2.782879900584086,-0.09174592144434435,15,Universidad de Magallanes,Ingenieria en Computacion e Informatica,https://admision.umag.cl/?page_id=35,,,
16,Civil,-0.19033575727067933,0.015559889920831987,-2.1455422399141133,-0.7342740505354319,16,Universidad de Magallanes,Ingenieria Civil en Computacion e Informatica,https://admision.umag.cl/?page_id=27,,,
17,Informática,-0.12955073004442053,0.06971258730687364,2.737802810838975,-0.27943970643760996,17,Universidad Tecnologica Metropolitana,Ingenieria en Informatica,https://conocetucarrera.utem.cl/ingenieria-en-informatica/,,,
18,Civil,-0.24205691142406538,-0.0359008772438885,-2.1821687615567864,0.710259055589533,18,Universidad Tecnologica Metropolitana,Ingenieria Civil en Computacion mencion Informatica,https://conocetucarrera.utem.cl/ingenieria-civil-en-computacion-mencion-informatica/,,,
19,Civil,-0.19957632966472003,-0.06366918482403768,-2.7430678936025563,0.17951551361564455,19,Universidad de Ohiggins,Ingenieria Civil en Computacion,https://www.uoh.cl/escuela-de-ingenieria/carreras/ingenieria-civil-en-computacion/,,,
20,Informática,-0.0034912231557112728,0.11242245339520233,2.5717089956506745,0.3779232940229861,20,Universidad de Bernardo Ohiggins,Ingenieria Informatica,https://www.ubo.cl/facultades/facultad-de-ingenieria-ciencia-y-tecnologia/ingenieria-en-informatica/,,,
21,Civil,0.03795385264900405,-0.09730941503907502,-2.1736942160119512,-0.38523719715149196,21,Universidad de Aysen,Ingenieria Civil Informatica,https://uaysen.cl/departamentos/ciencias-naturales-y-tecnologia/ingenieria-civil-informatica/,,,
22,Informática,0.035439299513364685,0.00802476600052749,2.2332523773834545,-0.1544389907734982,22,Pontificia Universidad Catolica de Valparaiso,Ingenieria en Informatica,https://www.pucv.cl/pucv/pregrado/ingenieria-en-informatica,,,
23,Civil,0.02183498096985066,-0.13373311062930995,-2.164417939137586,0.5778499919832909,23,Universidad de Concepcion,Ingenieria Civil Informatica,https://admision.udec.cl/ingenieria-civil-informatica/,,,
24,Civil,-0.0020808035775131766,-0.03431599841118224,-2.362635912197086,-0.15333725561313039,24,Universidad Tecnica Federico Santa Maria,Ingenieria Civil Informatica,https://usm.cl/admision/carreras/ingenieria-civil-informatica/,,,
25,Informática,0.0728053299462985,-0.0346543142269745,2.74091636800047,0.5623703277791758,25,Universidad Tecnica Federico Santa Maria,Ingenieria Informatica,https://usm.cl/admision/carreras/ingenieria-en-informatica/,,,
26,Informática,-0.2670602371221383,-0.2913403728391038,-2.191316095178353,-0.6866045307606649,26,Universidad Catolica del Norte,Ingenieria en Computacion e Informatica,https://admision.ucn.cl/carreras/tecnologia-computacion/ingenieria-en-computacion-e-informatica/,,,
27,Civil,-0.3068342601712647,-0.2864453185150544,2.867471518613087,1.0861773327298634,27,Universidad Catolica del Norte,Ingenieria Civil en Computacion e Informatica,https://admision.ucn.cl/carreras/tecnologia-computacion/ingenieria-civil-en-computacion-e-informatica/,,,
28,Civil,0.06401844811241902,0.41137536345486203,-2.1443156421031446,-0.8265678162696384,28,Universidad Católica de la Santísima Concepción,Ingenieria Civil Informatica,https://ingenieria.ucsc.cl/carreras/ingenieria-civil-informatica/,,,
29,Ejecución,-0.07140568007507728,0.7040437381961431,0.29369537258659384,-8.680572391046999,29,Universidad Católica de la Santísima Concepción,Ingenieria de Ejecucion en Informatica,https://it.ucsc.cl/carreras/ingenieria-de-ejecucion-en-informatica/,Presencial; diurna; 8 semestres,ucsc_ejecucion_presencial,ucsc_ejecucion_informatica
30,Civil,-0.15079587379946247,0.24803259245060685,-2.2058370827168594,0.7921561737340417,30,Universidad Catolica de Temuco,Ingenieria Civil en Informatica,https://admision.uct.cl/ing-civil-informatica/,,,
31,Informática,0.17990078515938274,-0.07510068947514963,2.93604570904463,0.960174117050109,31,Universidad de las Américas,Ingenieria en Informatica,https://admision.udla.cl/wp-content/uploads/2025/10/UDLA_PE_202510_81_0.pdf,,,
32,Informática,0.17585214288350615,-0.10384457623961554,2.670602533396214,0.32350366986048334,32,Universidad Andres Bello,Ingenieria en Computacion e Informatica,https://admision.unab.cl/carreras/ingenieria-en-computacion-e-informatica/,,,
33,Civil,-0.16154388659399785,-0.05393019908671536,-2.3165926853505527,1.3446534626152176,33,Universidad Autonoma de Chile,Ingenieria Civil Informatica,https://admision.uautonoma.cl/carreras/ingenieria-civil-informatica/,,,
34,Informática,0.12229404027564314,-0.006489338716813481,2.9470176315615575,0.5844569020576935,34,Universidad Autonoma de Chile,Ingenieria en Informatica,https://admision.uautonoma.cl/carreras/ingenieria-en-informatica-online-regular/,,,
35,Civil,-0.020211984749740477,-0.06872208989692824,-2.224386089698679,-0.9378230244182119,35,Universidad Central de Chile,Ingenieria Civil en Computacion e Informatica,https://admision.ucentral.cl/carrera/ingenieria-civil-en-computacion-e-informatica/,,,
36,Informática,0.14275500446470582,0.0357550440156894,2.9181628195744427,0.7113159251629699,36,Universidad Central de Chile,Ingenieria en Informatica y Sistemas Inteligentes,https://advance.ucentral.cl/programas/ingenieria-en-informatica-y-sistemas-inteligentes/,,,
37,Informática,0.022521238678216,-0.15736863891207356,2.8463626357089766,-0.231161050809712,37,Universidad Mayor,Ingenieria en Informatica,https://advance.umayor.cl/educacion-online/ingenieria-informatica-plan-regular?utm_source=google&utm_medium=cpa&utm_campaign=SNB_AD_00807156_ON_20267&utm_content=RSA1_ex&utm_term=&gad_source=1&gad_campaignid=23076000607&gbraid=0AAAAADtiOMI1iMfo5ZY2WadRR71Q1zVIJ&gclid=CjwKCAjwhqfPBhBWEiwAZo196q-QOm6zr2L98M0Gp4yAELJa9zXl4ci5MQzLJJrfvV5vChRPKrEUeBoCY6wQAvD_BwE,,,
38,Civil,-0.2404460872528439,-0.019400115786444953,-2.339362604033682,0.9895820275187666,38,Universidad Mayor,Ingenieria Civil en Computacion e Informatica,https://www.umayor.cl/um/carreras/ingenieria-civil-en-computacion-e-informatica-santiago,,,
39,Civil,-0.17670294623990968,0.05701519100282077,-2.225933107110066,0.19042496342197163,39,Universidad Diego Portales,Ingenieria Civil en Informatica y Telecomunicaciones,https://admision.udp.cl/carrera/ingenieria-civil-en-informatica-y-telecomunicaciones/,,,
40,Informática,0.36334740045878466,-0.11304776268241287,3.0308649011700464,0.29919905801325813,40,Universidad Diego Portales,Ingenieria en Informatica y Gestion,https://admision.udp.cl/carrera/ingenieria-en-informatica-y-gestion/,,,
41,Civil,0.10463748804834679,0.10395074408869558,-2.129328306438143,0.9244153992196606,41,Universidad Adolfo Ibanez,Ingenieria Civil Informatica,https://www.uai.cl/admision/carreras/ingenieria-civil-informatica,,,
42,Civil,0.005290563745785199,0.004563385440348912,-2.458222321011549,0.28113390914113123,42,Universidad del Desarrollo,Ingenieria Civil en Informatica e Innovacion Tecnologica,https://ingenieria.udd.cl/carrera/ingenieria-civil-en-informatica-e-innovacion-tecnologica/perfil-del-alumno/,,,
43,Civil,-0.020355805045204733,0.03703478942559317,-2.558422227310518,0.7359764253109653,43,Universidad del Desarrollo,Ingenieria Civil en Informatica e Inteligencia Artificial,https://ingenieria.udd.cl/carrera/ingenieria-civil-en-informatica-e-inteligencia-artificial/malla/,,,
44,Civil,0.0654609066976058,-0.07636261882931152,-2.256352206891415,0.6527552921215789,44,Universidad Finis Terrae,Ingenieria Civil en Informatica y Telecomunicaciones,https://admision.finis.cl/carrera/ingenieria-civil-informatica-y-telecomunicaciones/,,,
45,Civil,0.014862519848995896,0.1504165169038889,-2.0830351081158347,1.3892820766418985,45,Universidad Alberto Hurtado,Ingenieria Civil en Informatica,https://admision.uahurtado.cl/carreras/ingenieria-civil-plan-comun-informatica/,,,
46,Civil,0.1652462375605884,-0.03174746291761843,-1.8132530795080353,-0.14235550482438403,46,Universidad de los Andes,Ingenieria Civil en Ciencias de la Computacion,https://admision.uandes.cl/carreras/area-ingenieria-y-administracion/ingenieria-civil-en-ciencias-de-la-computacion,,,
47,Civil,0.032649616619959416,0.16011488766083978,-1.8610825494736711,0.32542356303983544,47,Universidad Gabriela Mistral,Ingenieria Civil en Informatica,https://admision.ugm.cl/carreras/ingenieria-civil-informatica/,,,
48,Informática,0.3234282572199036,-0.005194836460880125,3.044636611103651,1.060707768578369,48,INACAP,Ingenieria en Informatica,https://portal.inacap.cl/carreras/area-informatica-ciberseguridad-y-telecomunicaciones/ingenieria-en-informatica,,,
49,Informática,0.44175875159729555,-0.027380641981187576,3.200442792517425,-0.13012588455563806,49,Duoc UC,Ingenieria en Informatica,https://www.duoc.cl/carreras/ingenieria-en-informatica/,,,
50,Informática,0.3236750344360378,0.02706228806705023,2.8235943496124003,0.22367918354541383,50,AIEP,Ingenieria en Informatica,https://www.aiep.cl/admision/carrera/ingenieria-en-informatica/,,,
51,Informática,0.5442712466774504,-0.10792617342927747,2.832870423204203,1.1407608285685193,51,Santo Tomas,Ingenieria en Informatica,https://www.tupuedes.cl/carreras/instituto-profesional/ingenieria-en-informatica/,,,
52,Informática,0.42533538005313826,0.03641449103870416,2.954036219833609,-0.41218983048406954,52,IACC,Ingenieria en Informatica,https://www.iacc.cl/carrera/ingenieria-en-informatica/?origen=google_ads_carreras&utm_campaign=39844489-_Search_CARRERA_ING_INFORMATICA&utm_source=ppc&utm_medium=google&utm_term=cpl&utm_content=ingenieria-en-informatica&utm_term=ingenier%C3%ADa%20en%20sistemas%20universidades&utm_campaign=IACC_Search_Carrera_Ingenieria_Inform%C3%A1tica&utm_source=adwords&utm_medium=ppc&hsa_acc=3643935547&hsa_cam=21457092417&hsa_grp=167767224914&hsa_ad=705590150535&hsa_src=g&hsa_tgt=kwd-589776510461&hsa_kw=ingenier%C3%ADa%20en%20sistemas%20universidades&hsa_mt=b&hsa_net=adwords&hsa_ver=3&gad_source=1&gad_campaignid=21457092417&gbraid=0AAAAAqi2tcnc4mlF6prfKC1hCFytIsM7a&gclid=CjwKCAjw46HPBhAMEiwASZpLRHfuoZDNIblNry7ovo2v8t2FkJLsAKlMxZYtNTqT4XptYu05OZwVSxoCjDsQAvD_BwE,,,
53,Informática,0.3833102176524347,0.02492964826808532,3.1295284547839897,-0.11683804393298564,53,Iplacex,Ingenieria en Informatica,https://www.iplacex.cl/carreras/carreras-100-online/ingenieria-en-informatica/,,,
54,Informática,0.14205018922971485,-0.015771574553313565,3.0553442195692067,0.7242844100036518,54,IP Los Leones,Ingenieria en Informatica y Ciberseguridad,https://ipleones.cl/carreras/ingenieria-en-informatica-y-ciberseguridad/,,,
55,Ejecución,0.017355170811241428,-0.16350303761902749,-0.7793054159673126,-1.9548062729472446,55,Universidad Catolica del Maule,Ingenieria Ejecucion en Computacion e Informatica,https://files.griddo.ucm.cl/ingenieria-de-ejecucion-en-computacion-e-informatica.pdf,,,
56,Ejecución,-0.06088465970090214,0.7033976289275605,-2.020926261034968,-0.7106009541632163,56,Universidad Católica de la Santísima Concepción,Ingenieria de Ejecucion en Informatica,https://advance.ucsc.cl/carreras/ingenieria-de-ejecucion-en-informatica/,Online; continuidad de estudios; 8 trimestres,ucsc_ejecucion_online,ucsc_ejecucion_informatica
57,Informática,0.04212415571850815,-0.07829021855550786,3.0706494271898337,0.4310927616714604,57,IP Chile,Ingenieria en Informatica,https://www.ipchile.cl/carreras/ingenieria-en-informatica/,,,
58,Civil,-0.03086519263581206,-0.2761985362284976,-2.161447745016425,0.0011231918361627735,58,Universidad Austral de Chile,Ingenieria Civil en Informatica,https://www.uach.cl/admision/valdivia/ingenieria-civil-en-informatica,,,
59,Informática,0.2564563731489805,-0.0680073310912683,3.2184844255540064,0.047024854201818345,59,Instituto profesional Virginio Gomez,Ingenieria en Informatica,https://admision.virginiogomez.cl/carreras/ingenieria-en-informatica/,,,
60,Civil,0.15186499745581677,-0.01221835005867583,-2.036605642194061,-0.3532611659850876,60,Universidad de Playa Ancha,Ingenieria Civil en Informatica,https://www.upla.cl/admision/carreras-profesionales/facultad-de-ingenieria/ingenieria-civil-informatica/,,,
61,Informática,-0.1152584081945835,-0.02537535041420663,3.1488555159565927,0.33338851137140324,61,Universidad de Los Lagos,Ingeniería en Informática para Técnicos de Nivel Superior,https://admision.ulagos.cl/sin-licenciatura/ingenieria-en-informatica-para-tecnicos-de-nivel-superior/,,,
62,Informática,0.0014390746329181984,-0.14120565311559913,2.9113781261184943,-0.25451885646896966,62,Universidad Gabriela Mistral,Ingenieria en Computacion e Informatica,https://advance.ugm.cl/carrera/ingenieria-en-computacion/,,,
63,Civil,-0.28645659091737735,0.03642113280739127,-1.9042795330949556,0.3493524075871397,63,Universidad San Sebastian,Ingeniería Civil Informática,https://admision.uss.cl/carreras/ingenieria-civil-informatica,,,
