indice,feature,seleccionada
0,000,1
1,10,1
2,académico,1
3,acciones,1
4,actitud,1
5,actualización,0
6,acuerdo,0
7,adaptarse,0
8,además,1
9,administración,1
10,administrar,1
11,admisión,1
12,alto,1
13,ambiental,1
14,analizar,1
15,analítica,1
16,análisis,1
17,análisis datos,1
18,aplica,1
19,aplicaciones,1
20,aplicación,0
21,aplicada,1
22,aplicando,1
23,aplicar,0
24,apoyar,1
25,aprendizaje,0
26,artificial,0
27,asimismo,1
28,asociados,1
29,así,0
30,autónoma,1
31,año,1
32,años,1
33,basadas,1
34,base,0
35,bases,1
36,bases datos,1
37,bien,0
38,bien común,1
39,buenas,1
40,buenas prácticas,1
41,básicas,1
42,básicas ciencias,1
43,básicas ingeniería,1
44,calidad,0
45,calidad seguridad,0
46,cambio,0
47,campo,1
48,campus,0
49,capaces,0
50,capacidad,1
51,capacidad trabajar,0
52,capacidades,0
53,capacitado,1
54,capaz,1
55,carrera,1
56,carrera ingeniería,1
57,carreras,1
58,católica,1
59,chile,0
60,ciberseguridad,1
61,ciclo,0
62,ciclo vida,1
63,ciencia,1
64,ciencia datos,1
65,ciencias,1
66,ciencias básicas,1
67,ciencias ingeniería,1
68,civil,1
69,civil computación,1
70,civil informática,1
71,civil informático,1
72,competencias,1
73,complejos,1
74,comprometido,1
75,compromiso,1
76,compromiso ético,1
77,computacionales,1
78,computación,1
79,computación informática,1
80,comunicaciones,1
81,comunicación,1
82,comunicación efectiva,1
83,comunicarse,1
84,común,1
85,concebir,1
86,concebir diseñar,1
87,conocimiento,1
88,conocimientos,1
89,considerando,1
90,constante,1
91,construir,1
92,consultor,0
93,contexto,1
94,contextos,1
95,continua,1
96,contribuir,1
97,contribuyendo,0
98,crear,1
99,cristiana,1
100,criterios,0
101,crítica,1
102,crítico,1
103,cualquier,0
104,cuenta,0
105,datos,1
106,decisiones,0
107,desafíos,1
108,desarrolla,0
109,desarrollar,0
110,desarrollar soluciones,1
111,desarrollo,1
112,desarrollo software,1
113,desarrollo sostenible,1
114,desempeñarse,1
115,desempeño,0
116,diferentes,1
117,digital,1
118,digitales,1
119,disciplina,1
120,disciplinar,1
121,diseña,1
122,diseñar,0
123,diseñar desarrollar,0
124,diseñar implementar,1
125,diseño,1
126,distintas,1
127,distintos,1
128,diversas,1
129,diversidad,1
130,diversos,1
131,diversos contextos,1
132,económico,0
133,educación,1
134,efectiva,0
135,eficiencia,1
136,eficiente,0
137,eficientes,1
138,egresado,1
139,egreso,1
140,ejecución,1
141,ejercicio,1
142,ello,0
143,emergentes,1
144,emprendimiento,0
145,emprendimientos,1
146,empresarial,1
147,empresas,0
148,enfoque,1
149,entorno,1
150,equipo,1
151,equipos,0
152,equipos multidisciplinarios,1
153,equipos trabajo,1
154,especialidad,1
155,especialización,1
156,estrategias,1
157,estudios,0
158,está,1
159,estándares,0
160,estándares calidad,1
161,evaluación,1
162,evaluar,1
163,evaluar gestionar,0
164,evolución,1
165,experiencia,1
166,fin,0
167,forma,1
168,formación,1
169,formación ciencias,1
170,formación permite,1
171,formar,0
172,fundamentos,0
173,generación,0
174,generar,1
175,generar soluciones,1
176,gestiona,1
177,gestionar,1
178,gestionar proyectos,0
179,gestión,1
180,gestión proyectos,1
181,global,1
182,habilidades,1
183,hardware,1
184,herramientas,0
185,humana,1
186,identificar,1
187,idioma,1
188,idioma inglés,1
189,impacto,0
190,implementa,1
191,implementación,1
192,implementación soluciones,1
193,implementar,1
194,implementar operar,1
195,implementar soluciones,1
196,industria,1
197,información,0
198,información comunicaciones,1
199,información comunicación,1
200,informática,1
201,informática universidad,1
202,informáticas,0
203,informático,1
204,informático universidad,1
205,informáticos,0
206,ingeniera,1
207,ingeniero,0
208,ingeniero civil,1
209,ingeniero ejecución,1
210,ingeniero informática,1
211,ingenieros,1
212,ingeniería,1
213,ingeniería civil,1
214,ingeniería informática,1
215,ingeniería software,1
216,inglés,0
217,innovación,1
218,innovación emprendimiento,0
219,innovación tecnológica,1
220,innovadoras,0
221,instituciones,1
222,instituto,1
223,integración,1
224,integral,1
225,integrales,1
226,integrar,1
227,inteligencia,0
228,inteligencia artificial,1
229,interdisciplinarios,1
230,investigación,1
231,jefe,1
232,junto,1
233,laboral,0
234,legal,0
235,legal vigente,1
236,lenguajes,0
237,liderando,1
238,liderar,1
239,liderar equipos,1
240,liderazgo,1
241,manejo,1
242,manera,0
243,mantención,1
244,mediante,1
245,medio,0
246,mejora,1
247,mejora continua,1
248,metodologías,1
249,modelar,0
250,modelos,1
251,multidisciplinarios,1
252,mundo,1
253,nacional,1
254,necesidades,1
255,negocio,1
256,negocios,1
257,nivel,1
258,normativa,0
259,normativa legal,1
260,nuevas,1
261,objetivos,1
262,operar,1
263,oportunidades,1
264,organizacionales,0
265,organizaciones,1
266,organización,1
267,partir,1
268,país,1
269,pensamiento,0
270,pensamiento crítico,1
271,perfil,1
272,perfil egreso,1
273,permanente,1
274,permitan,1
275,permite,1
276,persona,1
277,personas,0
278,plan,1
279,planificación,1
280,planificar,0
281,plataformas,1
282,podrá,1
283,posee,1
284,principios,1
285,privadas,1
286,privado,1
287,problemas,1
288,problemas complejos,1
289,problemáticas,1
290,procesos,1
291,productivo,1
292,productos,1
293,profesional,1
294,profesional ingeniero,1
295,profesionales,1
296,profesionales capaces,1
297,profesión,1
298,programa,1
299,programa ingeniería,1
300,programación,1
301,propios,1
302,proyectos,1
303,proyectos informáticos,1
304,proyectos ingeniería,1
305,proyectos tecnologías,1
306,proyectos tecnológicos,1
307,prácticas,0
308,prácticas industria,0
309,puede,0
310,públicas,0
311,públicas privadas,1
312,público,1
313,quehacer,1
314,quehacer profesional,1
315,reconoce,1
316,recursos,0
317,redes,0
318,región,1
319,relacionados,1
320,requerimientos,1
321,resolución,0
322,resolución problemas,1
323,resolver,1
324,resolver problemas,1
325,respeto,1
326,responsabilidad,1
327,responsabilidad social,1
328,responsable,1
329,resultados,1
330,riesgos,0
331,sector,1
332,sede,1
333,seguridad,1
334,seguridad información,1
335,según,1
336,sello,1
337,sentido,1
338,servicios,1
339,siendo,1
340,sistemas,1
341,sistemas computacionales,0
342,sistemas información,1
343,sistemas informáticos,1
344,situaciones,1
345,social,1
346,sociales,1
347,sociedad,0
348,software,0
349,soluciones,0
350,soluciones informáticas,1
351,soluciones innovadoras,1
352,soluciones software,1
353,soluciones tecnológicas,1
354,sostenible,1
355,superior,1
356,sólida,1
357,sólida formación,1
358,sólidos,1
359,tecnología,1
360,tecnologías,1
361,tecnologías información,1
362,tecnológica,0
363,tecnológicas,1
364,tecnológico,1
365,tecnológicos,1
366,telecomunicaciones,1
367,tic,1
368,titulado,1
369,toma,1
370,toma decisiones,1
371,trabajar,1
372,trabajo,1
373,trabajo equipo,1
374,transformación,1
375,transformación digital,1
376,través,0
377,técnicas,1
378,técnico,1
379,técnicos,1
380,título,1
381,universidad,1
382,universidad católica,1
383,uso,1
384,utilizando,1
385,utilizando herramientas,0
386,valor,1
387,valores,1
388,vanguardia,1
389,vida,1
390,vigente,1
391,visión,1
392,ámbito,1
393,ámbitos,1
394,área,1
395,áreas,1
396,énfasis,1
397,ética,1
398,ético,0
399,éticos,1
