epoch,fitness
1,0.8624886669643703
2,0.8624886669643703
3,0.8624886669643703
4,0.8624886669643703
5,0.8624886669643703
6,0.8624886669643703
7,0.8624886669643703
8,0.8624886669643703
9,0.8624886669643703
10,0.8861938714879892
11,0.8861938714879892
12,0.8861938714879892
13,0.8861938714879892
14,0.8861938714879892
15,0.8861938714879892
16,0.8861938714879892
17,0.8861938714879892
18,0.8861938714879892
19,0.8861938714879892
20,0.8861938714879892
21,0.8861938714879892
22,0.8861938714879892
23,0.8861938714879892
24,0.8861938714879892
25,0.8861938714879892
26,0.8861938714879892
27,0.8861938714879892
28,0.8861938714879892
29,0.8861938714879892
30,0.8861938714879892
31,0.8861938714879892
32,0.8861938714879892
33,0.8861938714879892
34,0.8861938714879892
35,0.8861938714879892
36,0.8861938714879892
37,0.8861938714879892
38,0.8861938714879892
39,0.8976220923151869
40,0.8976220923151869
41,0.8976220923151869
42,0.8976220923151869
43,0.8976220923151869
44,0.8976220923151869
45,0.8976220923151869
46,0.8976220923151869
47,0.8976220923151869
48,0.8976220923151869
49,0.8976220923151869
50,0.8976220923151869
51,0.8976220923151869
52,0.8976220923151869
53,0.8976220923151869
54,0.8976220923151869
55,0.8976220923151869
56,0.8976220923151869
57,0.8976220923151869
58,0.8976220923151869
59,0.8976220923151869
60,0.8976220923151869
61,0.8976220923151869
62,0.8976220923151869
63,0.8976220923151869
64,0.8976220923151869
65,0.8976220923151869
66,0.8976220923151869
67,0.8976220923151869
68,0.8976220923151869
69,0.8976220923151869
70,0.8976220923151869
71,0.8976220923151869
72,0.8976220923151869
73,0.8976220923151869
74,0.8976220923151869
75,0.8976220923151869
76,0.8976220923151869
77,0.8976220923151869
78,0.8976220923151869
79,0.8976220923151869
80,0.8976220923151869
81,0.8976220923151869
82,0.8976220923151869
83,0.8976220923151869
84,0.8976220923151869
85,0.8976220923151869
86,0.8976220923151869
87,0.8976220923151869
88,0.8976220923151869
89,0.8976220923151869
90,0.8976220923151869
91,0.8976220923151869
92,0.8976220923151869
93,0.8976220923151869
94,0.8976220923151869
95,0.8976220923151869
96,0.8976220923151869
97,0.8976220923151869
98,0.8976220923151869
99,0.8976220923151869
100,0.8976220923151869
